timestamp,open,high,low,close,volume
2025-12-03T09:30:00,680.57,681.39,679.94,680.5,1928696
2025-12-03T09:35:00,680.49,681.38,680.3801,680.75,1219343
2025-12-03T09:40:00,680.75,681.5,680.69,680.881,967976
2025-12-03T09:45:00,680.9,681.19,680.335,680.3899,682267
2025-12-03T09:50:00,680.38,680.9,679.69,680.7499,882085
2025-12-03T09:55:00,680.73,680.96,680.49,680.87,473751
2025-12-03T10:00:00,680.94,682.34,680.74,682.2,1018241
2025-12-03T10:05:00,682.205,682.3,681.17,681.18,865752
2025-12-03T10:10:00,681.17,681.62,680.84,681.21,612033
2025-12-03T10:15:00,681.23,681.97,681.1,681.625,538948
2025-12-03T10:20:00,681.62,681.88,681.04,681.8,309904
2025-12-03T10:25:00,681.84,682.11,681.53,681.68,318154
2025-12-03T10:30:00,681.65,682.61,681.3299,682.6,1026390
2025-12-03T10:35:00,682.6,682.94,681.46,682.35,1052808
2025-12-03T10:40:00,682.36,682.765,682.16,682.635,633876
2025-12-03T10:45:00,682.64,682.91,682.45,682.56,385703
2025-12-03T10:50:00,682.54,682.78,682.2512,682.265,295364
2025-12-03T10:55:00,682.25,682.58,682.05,682.3163,226477
2025-12-03T11:00:00,682.31,682.99,682.28,682.95,359137
2025-12-03T11:05:00,682.96,682.96,682.225,682.28,310684
2025-12-03T11:10:00,682.24,682.33,681.66,682.049,474561
2025-12-03T11:15:00,682.04,682.7699,681.93,682.7699,446632
2025-12-03T11:20:00,682.77,682.8,682.07,682.3144,392894
2025-12-03T11:25:00,682.29,682.567,682.09,682.385,334014
2025-12-03T11:30:00,682.385,683.405,682.27,683.38,541716
2025-12-03T11:35:00,683.37,683.55,683.07,683.2151,463784
2025-12-03T11:40:00,683.22,683.315,683.04,683.2,335921
2025-12-03T11:45:00,683.21,683.33,682.87,683.035,332209
2025-12-03T11:50:00,683.035,683.035,682.41,682.425,405404
2025-12-03T11:55:00,682.43,682.44,681.61,682.21,664129
2025-12-03T12:00:00,682.21,682.8,682.18,682.7503,351208
2025-12-03T12:05:00,682.77,682.89,682.1,682.39,456801
2025-12-03T12:10:00,682.37,683.08,682.24,682.995,350763
2025-12-03T12:15:00,683.01,683.22,682.83,683.14,355082
2025-12-03T12:20:00,683.14,683.7,683.13,683.525,371807
2025-12-03T12:25:00,683.53,683.61,683.38,683.56,295881
2025-12-03T12:30:00,683.55,683.745,683.4199,683.45,268915
2025-12-03T12:35:00,683.45,683.61,683.25,683.59,392927
2025-12-03T12:40:00,683.595,683.665,683.45,683.66,170683
2025-12-03T12:45:00,683.67,683.89,683.49,683.8348,431545
2025-12-03T12:50:00,683.85,683.87,683.4199,683.72,258288
2025-12-03T12:55:00,683.72,684.1,683.62,683.89,312267
2025-12-03T13:00:00,683.895,684.185,683.88,683.95,279695
2025-12-03T13:05:00,683.95,684.04,683.75,683.79,299138
2025-12-03T13:10:00,683.78,684.05,683.69,684.025,202592
2025-12-03T13:15:00,684.03,684.08,683.71,683.71,226768
2025-12-03T13:20:00,683.72,683.82,683.475,683.57,264412
2025-12-03T13:25:00,683.5799,683.92,683.575,683.91,253760
2025-12-03T13:30:00,683.93,684.17,683.915,683.98,184733
2025-12-03T13:35:00,683.985,684.16,683.935,684.12,245682
2025-12-03T13:40:00,684.12,684.5,684.095,684.4382,380781
2025-12-03T13:45:00,684.44,684.49,684.2857,684.32,340386
2025-12-03T13:50:00,684.32,684.44,684.12,684.275,284330
2025-12-03T13:55:00,684.28,684.355,683.7866,683.915,305689
2025-12-03T14:00:00,683.91,684.42,683.85,684.27,382142
2025-12-03T14:05:00,684.27,684.38,684.1,684.3,294627
2025-12-03T14:10:00,684.31,684.4299,684.16,684.385,254074
2025-12-03T14:15:00,684.38,684.41,684.09,684.255,341567
2025-12-03T14:20:00,684.258,684.4,684.19,684.365,269497
2025-12-03T14:25:00,684.37,684.44,684.255,684.33,234360
2025-12-03T14:30:00,684.33,684.37,684.165,684.27,309315
2025-12-03T14:35:00,684.27,684.375,684.19,684.33,332539
2025-12-03T14:40:00,684.32,684.61,684.3,684.572,374381
2025-12-03T14:45:00,684.57,684.59,684.415,684.565,258442
2025-12-03T14:50:00,684.57,684.74,684.56,684.65,372233
2025-12-03T14:55:00,684.645,684.73,684.56,684.625,462092
2025-12-03T15:00:00,684.63,684.76,684.56,684.56,427647
2025-12-03T15:05:00,684.56,684.68,684.45,684.62,370375
2025-12-03T15:10:00,684.62,684.91,684.61,684.72,579806
2025-12-03T15:15:00,684.72,684.8365,684.56,684.58,417967
2025-12-03T15:20:00,684.59,684.68,684.46,684.52,488432
2025-12-03T15:25:00,684.52,684.5999,684.19,684.5227,776817
2025-12-03T15:30:00,684.525,684.57,684.255,684.255,588360
2025-12-03T15:35:00,684.25,684.41,684.19,684.35,789745
2025-12-03T15:40:00,684.345,684.51,684.25,684.475,709517
2025-12-03T15:45:00,684.47,684.62,684.26,684.36,895025
2025-12-03T15:50:00,684.35,684.41,683.55,683.725,1708560
2025-12-03T15:55:00,683.72,683.94,683.57,683.81,3900510
2025-12-04T09:30:00,685.3,685.37,683.8,683.91,1595090
2025-12-04T09:35:00,683.92,684.7599,683.63,684.45,1050024
2025-12-04T09:40:00,684.46,684.95,683.7,683.8599,983755
2025-12-04T09:45:00,683.84,684.13,683.35,683.5,956946
2025-12-04T09:50:00,683.49,683.71,682.86,683.4,757378
2025-12-04T09:55:00,683.39,683.85,682.75,683.045,786899
2025-12-04T10:00:00,683.06,683.46,682.87,683.185,565547
2025-12-04T10:05:00,683.18,683.54,682.96,683.35,696620
2025-12-04T10:10:00,683.31,683.41,682.6671,683.17,505859
2025-12-04T10:15:00,683.16,683.68,682.89,683.38,556823
2025-12-04T10:20:00,683.38,683.81,682.97,683.0,532306
2025-12-04T10:25:00,682.98,683.65,682.17,683.595,686397
2025-12-04T10:30:00,683.59,683.93,683.39,683.825,418709
2025-12-04T10:35:00,683.83,684.53,683.79,684.45,677342
2025-12-04T10:40:00,684.46,684.56,684.02,684.23,790272
2025-12-04T10:45:00,684.24,684.33,683.38,683.75,594675
2025-12-04T10:50:00,683.76,683.79,683.132,683.41,733085
2025-12-04T10:55:00,683.44,683.54,683.23,683.29,344949
2025-12-04T11:00:00,683.28,683.6,682.57,682.71,619477
2025-12-04T11:05:00,682.67,683.1744,682.21,683.16,824019
2025-12-04T11:10:00,683.18,683.28,682.56,683.05,381570
2025-12-04T11:15:00,683.05,683.55,682.84,683.51,274766
2025-12-04T11:20:00,683.51,683.74,683.315,683.69,451664
2025-12-04T11:25:00,683.69,683.76,683.01,683.3513,362683
2025-12-04T11:30:00,683.31,683.64,682.965,683.15,367696
2025-12-04T11:35:00,683.145,683.6,682.99,683.22,412507
2025-12-04T11:40:00,683.23,683.2452,682.86,683.01,360549
2025-12-04T11:45:00,683.01,684.04,683.01,683.97,631452
2025-12-04T11:50:00,683.98,684.39,683.9,684.23,507987
2025-12-04T11:55:00,684.22,684.56,684.145,684.42,393803
2025-12-04T12:00:00,684.4,684.58,684.12,684.1775,528368
2025-12-04T12:05:00,684.175,684.19,683.51,683.68,386164
2025-12-04T12:10:00,683.69,684.14,683.37,684.12,506711
2025-12-04T12:15:00,684.12,684.2101,683.82,684.1207,305004
2025-12-04T12:20:00,684.125,684.33,683.89,684.0,384455
2025-12-04T12:25:00,684.01,684.29,683.97,684.02,206079
2025-12-04T12:30:00,684.03,684.06,683.595,683.935,348032
2025-12-04T12:35:00,683.94,684.37,683.92,683.9347,277583
2025-12-04T12:40:00,683.94,684.2201,683.735,684.18,281255
2025-12-04T12:45:00,684.19,684.34,684.045,684.08,282138
2025-12-04T12:50:00,684.08,684.45,684.045,684.43,187909
2025-12-04T12:55:00,684.44,684.495,684.23,684.305,258810
2025-12-04T13:00:00,684.29,684.41,684.12,684.2,195883
2025-12-04T13:05:00,684.18,684.19,683.465,683.77,438664
2025-12-04T13:10:00,683.78,684.065,683.5,684.03,270692
2025-12-04T13:15:00,684.04,684.4,683.96,684.025,282019
2025-12-04T13:20:00,684.03,684.42,684.02,684.4,227984
2025-12-04T13:25:00,684.39,684.77,684.31,684.6774,374091
2025-12-04T13:30:00,684.67,684.75,684.41,684.53,334236
2025-12-04T13:35:00,684.53,684.5799,684.305,684.4883,240723
2025-12-04T13:40:00,684.48,684.535,683.91,684.1,484755
2025-12-04T13:45:00,684.11,684.3185,684.03,684.0999,367072
2025-12-04T13:50:00,684.09,684.36,684.0699,684.28,533205
2025-12-04T13:55:00,684.285,684.34,684.08,684.12,191940
2025-12-04T14:00:00,684.11,684.23,683.92,683.9399,361711
2025-12-04T14:05:00,683.925,684.2181,683.75,683.9527,350372
2025-12-04T14:10:00,683.94,683.96,683.4101,683.6225,516139
2025-12-04T14:15:00,683.62,683.62,682.51,682.565,710508
2025-12-04T14:20:00,682.56,682.6355,681.34,681.8668,1584229
2025-12-04T14:25:00,681.87,682.63,681.81,682.18,752226
2025-12-04T14:30:00,682.19,683.07,681.99,683.058,607556
2025-12-04T14:35:00,683.065,683.96,683.06,683.43,1092803
2025-12-04T14:40:00,683.43,683.59,683.09,683.4,565872
2025-12-04T14:45:00,683.41,683.8,683.33,683.53,463743
2025-12-04T14:50:00,683.55,683.67,683.26,683.47,402496
2025-12-04T14:55:00,683.46,683.69,683.04,683.23,421935
2025-12-04T15:00:00,683.24,683.38,682.83,682.84,583761
2025-12-04T15:05:00,682.82,682.99,682.31,682.9267,842797
2025-12-04T15:10:00,682.93,683.46,682.88,683.29,688935
2025-12-04T15:15:00,683.29,683.34,682.9,683.25,540948
2025-12-04T15:20:00,683.265,683.34,682.98,682.99,505729
2025-12-04T15:25:00,682.9801,683.1799,682.75,682.7501,576717
2025-12-04T15:30:00,682.76,683.24,682.7,683.129,443418
2025-12-04T15:35:00,683.125,683.31,682.91,683.255,491938
2025-12-04T15:40:00,683.26,683.31,682.875,682.955,533896
2025-12-04T15:45:00,682.96,683.18,682.77,683.11,946359
2025-12-04T15:50:00,683.12,683.98,683.12,683.705,1610935
2025-12-04T15:55:00,683.7,684.58,683.65,684.4,2439405
2025-12-05T09:30:00,685.45,686.56,685.38,686.07,2119225
2025-12-05T09:35:00,686.06,686.43,685.84,685.9901,890045
2025-12-05T09:40:00,686.01,686.19,685.33,685.83,1036115
2025-12-05T09:45:00,685.84,686.56,685.81,686.56,687700
2025-12-05T09:50:00,686.56,687.03,686.21,686.93,738545
2025-12-05T09:55:00,686.93,687.01,686.55,686.895,716453
2025-12-05T10:00:00,686.92,687.77,686.725,687.6256,1175859
2025-12-05T10:05:00,687.62,688.005,687.5501,687.78,1057112
2025-12-05T10:10:00,687.78,688.25,687.77,688.2128,783686
2025-12-05T10:15:00,688.24,688.3,687.83,687.91,697156
2025-12-05T10:20:00,687.925,688.285,687.76,688.1671,585743
2025-12-05T10:25:00,688.18,688.18,687.581,687.885,597585
2025-12-05T10:30:00,687.88,688.39,687.85,688.3,604791
2025-12-05T10:35:00,688.31,688.34,687.87,687.91,398376
2025-12-05T10:40:00,687.9156,687.9878,687.58,687.71,530693
2025-12-05T10:45:00,687.7,688.16,687.26,687.97,583494
2025-12-05T10:50:00,687.96,687.9699,686.94,687.2,832533
2025-12-05T10:55:00,687.18,687.18,686.26,686.67,1160253
2025-12-05T11:00:00,686.67,687.12,686.5168,686.64,502911
2025-12-05T11:05:00,686.6,686.985,686.35,686.435,531961
2025-12-05T11:10:00,686.435,686.62,686.07,686.12,596954
2025-12-05T11:15:00,686.1,686.23,685.7,685.94,1104531
2025-12-05T11:20:00,685.93,686.68,685.75,686.27,566456
2025-12-05T11:25:00,686.26,686.79,685.88,685.9562,420780
2025-12-05T11:30:00,685.95,685.95,685.1,685.51,1141382
2025-12-05T11:35:00,685.51,685.855,685.18,685.38,419230
2025-12-05T11:40:00,685.39,685.69,685.02,685.3801,474731
2025-12-05T11:45:00,685.39,685.795,685.305,685.725,381725
2025-12-05T11:50:00,685.72,686.31,685.5,686.25,509707
2025-12-05T11:55:00,686.24,686.64,686.01,686.02,510711
2025-12-05T12:00:00,686.02,686.26,685.59,685.9,463094
2025-12-05T12:05:00,685.88,686.015,685.47,685.715,273340
2025-12-05T12:10:00,685.73,685.74,685.25,685.3401,507641
2025-12-05T12:15:00,685.34,685.59,685.24,685.45,306087
2025-12-05T12:20:00,685.47,685.65,685.32,685.6,349417
2025-12-05T12:25:00,685.6,685.69,685.35,685.39,261753
2025-12-05T12:30:00,685.41,685.52,684.97,685.02,409387
2025-12-05T12:35:00,685.01,685.3,684.58,685.24,576697
2025-12-05T12:40:00,685.225,685.33,684.88,685.26,386264
2025-12-05T12:45:00,685.26,685.61,685.0601,685.4,353226
2025-12-05T12:50:00,685.4,686.405,685.34,686.36,550419
2025-12-05T12:55:00,686.37,686.43,686.005,686.25,463731
2025-12-05T13:00:00,686.245,686.44,686.22,686.4,374783
2025-12-05T13:05:00,686.4,686.7,686.31,686.68,393875
2025-12-05T13:10:00,686.68,686.705,686.25,686.28,336899
2025-12-05T13:15:00,686.2856,686.3314,686.02,686.12,335503
2025-12-05T13:20:00,686.11,686.12,685.52,685.94,509339
2025-12-05T13:25:00,685.94,686.65,685.85,686.55,339247
2025-12-05T13:30:00,686.56,686.97,686.51,686.86,538800
2025-12-05T13:35:00,686.86,686.89,686.47,686.64,355908
2025-12-05T13:40:00,686.66,686.66,686.08,686.4015,425153
2025-12-05T13:45:00,686.4,686.53,686.225,686.515,274438
2025-12-05T13:50:00,686.51,686.56,686.1,686.36,205051
2025-12-05T13:55:00,686.34,686.4,686.14,686.19,141082
2025-12-05T14:00:00,686.19,686.24,685.82,686.0206,429868
2025-12-05T14:05:00,686.0,686.25,685.94,686.2,317430
2025-12-05T14:10:00,686.21,686.4,686.105,686.35,179086
2025-12-05T14:15:00,686.35,686.38,685.745,685.96,279637
2025-12-05T14:20:00,685.95,686.12,685.6399,685.76,324209
2025-12-05T14:25:00,685.76,686.18,685.67,685.93,376475
2025-12-05T14:30:00,685.94,686.1148,685.642,685.96,240061
2025-12-05T14:35:00,685.93,686.03,685.7,686.03,303265
2025-12-05T14:40:00,686.03,686.12,685.57,685.7756,403475
2025-12-05T14:45:00,685.77,685.81,685.58,685.735,317889
2025-12-05T14:50:00,685.73,686.12,685.6899,686.1,279394
2025-12-05T14:55:00,686.12,686.38,686.05,686.25,296952
2025-12-05T15:00:00,686.26,686.3,685.89,685.94,350614
2025-12-05T15:05:00,685.92,686.05,685.79,685.85,300837
2025-12-05T15:10:00,685.855,686.03,685.58,685.9944,368767
2025-12-05T15:15:00,685.99,686.28,685.96,686.22,592684
2025-12-05T15:20:00,686.215,686.22,685.9,685.98,503358
2025-12-05T15:25:00,685.99,686.025,685.75,686.005,411256
2025-12-05T15:30:00,686.0,686.01,685.68,685.89,364010
2025-12-05T15:35:00,685.883,686.01,685.75,685.78,369476
2025-12-05T15:40:00,685.78,685.895,685.5,685.86,653586
2025-12-05T15:45:00,685.86,685.88,684.89,685.03,1633259
2025-12-05T15:50:00,685.04,685.51,684.6,685.1,1914832
2025-12-05T15:55:00,685.11,686.03,685.1,685.65,3614907
2025-12-08T09:30:00,686.6,686.64,685.92,686.1199,1617333
2025-12-08T09:35:00,686.12,686.2299,685.75,685.81,1003541
2025-12-08T09:40:00,685.81,686.02,685.28,685.92,1096262
2025-12-08T09:45:00,685.92,686.1,684.98,685.53,680161
2025-12-08T09:50:00,685.51,685.91,685.42,685.86,486485
2025-12-08T09:55:00,685.85,685.95,685.345,685.44,546212
2025-12-08T10:00:00,685.42,685.775,685.26,685.63,492607
2025-12-08T10:05:00,685.63,685.63,685.05,685.23,450276
2025-12-08T10:10:00,685.24,685.24,684.83,684.92,499111
2025-12-08T10:15:00,684.93,685.22,684.66,685.01,638287
2025-12-08T10:20:00,685.018,685.16,684.69,684.75,449848
2025-12-08T10:25:00,684.75,684.77,683.8724,684.555,749725
2025-12-08T10:30:00,684.54,684.99,684.16,684.9,544599
2025-12-08T10:35:00,684.895,685.05,684.55,684.69,450629
2025-12-08T10:40:00,684.69,684.77,684.044,684.075,413862
2025-12-08T10:45:00,684.075,684.53,684.05,684.415,488939
2025-12-08T10:50:00,684.43,684.45,683.92,684.04,609030
2025-12-08T10:55:00,684.03,684.085,683.57,683.7,573132
2025-12-08T11:00:00,683.7,683.7,682.91,683.27,798843
2025-12-08T11:05:00,683.265,683.7291,683.2118,683.66,398604
2025-12-08T11:10:00,683.68,683.9,683.31,683.4101,496783
2025-12-08T11:15:00,683.41,683.54,683.27,683.4799,271018
2025-12-08T11:20:00,683.46,684.11,683.43,683.9,334659
2025-12-08T11:25:00,683.89,684.1,683.55,684.09,369380
2025-12-08T11:30:00,684.08,684.12,683.625,683.66,316282
2025-12-08T11:35:00,683.66,683.8,683.46,683.52,326223
2025-12-08T11:40:00,683.54,683.8499,683.46,683.8298,212060
2025-12-08T11:45:00,683.825,683.87,683.38,683.38,137978
2025-12-08T11:50:00,683.37,683.64,683.02,683.36,270049
2025-12-08T11:55:00,683.36,683.48,683.21,683.3882,228564
2025-12-08T12:00:00,683.39,683.39,682.495,682.77,427211
2025-12-08T12:05:00,682.74,683.36,682.72,683.2141,347568
2025-12-08T12:10:00,683.21,683.27,682.76,682.895,303258
2025-12-08T12:15:00,682.88,683.15,682.83,683.0,183584
2025-12-08T12:20:00,682.98,683.015,682.64,682.69,273192
2025-12-08T12:25:00,682.69,682.74,682.19,682.69,467232
2025-12-08T12:30:00,682.69,682.995,682.63,682.755,278305
2025-12-08T12:35:00,682.75,682.825,682.6,682.71,241950
2025-12-08T12:40:00,682.69,683.13,682.61,682.87,308060
2025-12-08T12:45:00,682.88,683.3,682.675,683.2,400239
2025-12-08T12:50:00,683.195,683.5099,683.145,683.4601,476651
2025-12-08T12:55:00,683.48,684.31,683.29,684.1222,868099
2025-12-08T13:00:00,684.13,684.4,683.59,683.76,540240
2025-12-08T13:05:00,683.77,684.07,683.7052,684.02,244033
2025-12-08T13:10:00,684.04,684.1,683.7599,683.82,264100
2025-12-08T13:15:00,683.83,684.05,683.7,683.88,237248
2025-12-08T13:20:00,683.87,684.0,683.73,683.87,175213
2025-12-08T13:25:00,683.87,683.89,682.82,682.83,478510
2025-12-08T13:30:00,682.83,682.9745,682.41,682.52,687397
2025-12-08T13:35:00,682.52,683.145,682.3,683.06,443213
2025-12-08T13:40:00,683.07,683.1019,682.7001,682.98,267853
2025-12-08T13:45:00,682.98,683.1,682.66,682.68,251256
2025-12-08T13:50:00,682.67,682.79,682.47,682.59,214170
2025-12-08T13:55:00,682.58,682.59,681.57,682.11,913989
2025-12-08T14:00:00,682.13,682.27,681.66,682.05,589669
2025-12-08T14:05:00,682.04,682.3,681.93,682.19,253682
2025-12-08T14:10:00,682.18,682.275,681.81,681.92,292654
2025-12-08T14:15:00,681.91,682.4571,681.91,682.42,488809
2025-12-08T14:20:00,682.43,682.59,682.21,682.2544,264661
2025-12-08T14:25:00,682.26,682.4,682.1,682.245,239541
2025-12-08T14:30:00,682.23,682.55,682.175,682.48,233012
2025-12-08T14:35:00,682.47,682.78,682.42,682.535,331991
2025-12-08T14:40:00,682.54,682.75,682.4,682.6399,360847
2025-12-08T14:45:00,682.635,682.64,682.32,682.51,343772
2025-12-08T14:50:00,682.53,682.82,682.48,682.682,383385
2025-12-08T14:55:00,682.685,682.69,682.15,682.33,404576
2025-12-08T15:00:00,682.34,682.55,682.24,682.3,467752
2025-12-08T15:05:00,682.31,682.53,682.18,682.5,550453
2025-12-08T15:10:00,682.5,682.63,682.43,682.58,401260
2025-12-08T15:15:00,682.59,682.78,682.41,682.64,558949
2025-12-08T15:20:00,682.64,682.77,682.52,682.55,411444
2025-12-08T15:25:00,682.55,682.685,682.37,682.64,488932
2025-12-08T15:30:00,682.64,682.68,682.2,682.26,676374
2025-12-08T15:35:00,682.27,682.4799,682.06,682.36,698457
2025-12-08T15:40:00,682.35,682.71,682.29,682.69,656651
2025-12-08T15:45:00,682.68,682.73,682.4,682.54,801648
2025-12-08T15:50:00,682.54,682.89,682.33,682.48,1318409
2025-12-08T15:55:00,682.48,683.76,682.42,683.63,3701822
2025-12-09T09:30:00,683.16,683.6801,682.82,683.41,1385403
2025-12-09T09:35:00,683.42,684.04,683.32,683.89,948875
2025-12-09T09:40:00,683.88,684.13,683.34,683.7,867445
2025-12-09T09:45:00,683.7,684.12,683.47,684.0599,852205
2025-12-09T09:50:00,684.06,684.43,683.95,684.4,699920
2025-12-09T09:55:00,684.41,684.53,684.105,684.44,677927
2025-12-09T10:00:00,684.47,684.94,684.05,684.56,849095
2025-12-09T10:05:00,684.56,684.645,683.97,684.27,593284
2025-12-09T10:10:00,684.28,684.46,684.13,684.18,428207
2025-12-09T10:15:00,684.19,684.4344,683.965,684.125,475250
2025-12-09T10:20:00,684.15,684.27,683.8829,684.16,449580
2025-12-09T10:25:00,684.16,684.2999,683.76,684.215,623037
2025-12-09T10:30:00,684.2,684.52,683.99,684.1999,480430
2025-12-09T10:35:00,684.2,684.21,683.845,684.03,336375
2025-12-09T10:40:00,684.03,684.48,683.865,684.47,454093
2025-12-09T10:45:00,684.48,684.4998,683.585,683.89,673741
2025-12-09T10:50:00,683.89,684.4,683.8214,684.28,540819
2025-12-09T10:55:00,684.28,684.57,684.27,684.505,279831
2025-12-09T11:00:00,684.49,684.83,684.44,684.62,534253
2025-12-09T11:05:00,684.63,684.84,684.48,684.7,368095
2025-12-09T11:10:00,684.6901,684.9,684.64,684.85,346666
2025-12-09T11:15:00,684.85,685.34,684.84,685.2801,523710
2025-12-09T11:20:00,685.29,685.33,685.04,685.205,415110
2025-12-09T11:25:00,685.21,685.22,684.77,684.81,324314
2025-12-09T11:30:00,684.81,685.24,684.77,685.2399,434867
2025-12-09T11:35:00,685.24,685.385,684.93,685.02,504567
2025-12-09T11:40:00,685.03,685.045,684.52,684.61,402923
2025-12-09T11:45:00,684.6,685.07,684.6,684.92,359402
2025-12-09T11:50:00,684.92,685.28,684.92,685.27,420735
2025-12-09T11:55:00,685.28,685.31,684.97,684.97,394226
2025-12-09T12:00:00,684.96,685.22,684.81,685.14,280888
2025-12-09T12:05:00,685.14,685.34,685.01,685.09,366783
2025-12-09T12:10:00,685.0801,685.12,684.87,684.94,306013
2025-12-09T12:15:00,684.96,684.97,684.61,684.64,220395
2025-12-09T12:20:00,684.64,684.6795,684.27,684.62,485848
2025-12-09T12:25:00,684.62,684.82,684.57,684.65,320980
2025-12-09T12:30:00,684.65,684.8599,684.2852,684.33,384349
2025-12-09T12:35:00,684.32,684.47,684.02,684.175,631221
2025-12-09T12:40:00,684.18,684.28,683.8955,684.0801,302950
2025-12-09T12:45:00,684.075,684.09,683.695,683.75,458379
2025-12-09T12:50:00,683.73,683.985,683.62,683.9601,433467
2025-12-09T12:55:00,683.97,684.32,683.94,684.275,461938
2025-12-09T13:00:00,684.27,684.48,684.0984,684.36,523338
2025-12-09T13:05:00,684.3599,684.38,683.96,684.01,387121
2025-12-09T13:10:00,684.02,684.25,683.88,684.25,366223
2025-12-09T13:15:00,684.25,684.49,684.13,684.38,335686
2025-12-09T13:20:00,684.38,684.39,684.16,684.37,180007
2025-12-09T13:25:00,684.37,684.38,684.11,684.24,213067
2025-12-09T13:30:00,684.24,684.345,684.07,684.1,203518
2025-12-09T13:35:00,684.1,684.1065,683.73,683.88,305275
2025-12-09T13:40:00,683.89,683.92,683.66,683.67,305341
2025-12-09T13:45:00,683.68,683.99,683.35,683.94,602688
2025-12-09T13:50:00,683.93,684.33,683.81,684.21,438496
2025-12-09T13:55:00,684.22,684.34,684.043,684.05,338607
2025-12-09T14:00:00,684.06,684.1399,683.84,683.93,374978
2025-12-09T14:05:00,683.94,684.035,683.7201,683.8201,341886
2025-12-09T14:10:00,683.82,683.92,683.64,683.8,378037
2025-12-09T14:15:00,683.8,684.02,683.72,683.835,297043
2025-12-09T14:20:00,683.83,683.935,683.73,683.76,228403
2025-12-09T14:25:00,683.75,683.89,683.7,683.73,253580
2025-12-09T14:30:00,683.73,683.8,683.62,683.64,317607
2025-12-09T14:35:00,683.64,683.76,683.41,683.65,395426
2025-12-09T14:40:00,683.66,683.68,683.2,683.39,397462
2025-12-09T14:45:00,683.3868,683.54,683.33,683.4899,462174
2025-12-09T14:50:00,683.49,683.7897,683.49,683.73,371605
2025-12-09T14:55:00,683.73,683.82,683.59,683.63,284519
2025-12-09T15:00:00,683.63,683.69,683.52,683.68,367403
2025-12-09T15:05:00,683.675,683.8526,683.561,683.71,464984
2025-12-09T15:10:00,683.71,683.78,683.49,683.5,497111
2025-12-09T15:15:00,683.5001,683.59,683.3703,683.53,384774
2025-12-09T15:20:00,683.53,683.675,683.41,683.41,578311
2025-12-09T15:25:00,683.415,683.5,683.3,683.325,462408
2025-12-09T15:30:00,683.32,683.4182,683.065,683.12,661220
2025-12-09T15:35:00,683.1213,683.42,683.045,683.35,686837
2025-12-09T15:40:00,683.35,683.485,683.19,683.39,707772
2025-12-09T15:45:00,683.38,683.46,683.15,683.39,912730
2025-12-09T15:50:00,683.39,683.61,682.84,682.89,1983460
2025-12-09T15:55:00,682.89,683.15,682.59,683.05,4359805
2025-12-10T09:30:00,682.56,682.76,682.06,682.13,1181455
2025-12-10T09:35:00,682.13,682.58,681.31,682.3,1404066
2025-12-10T09:40:00,682.31,683.07,682.045,682.666,797050
2025-12-10T09:45:00,682.66,683.3152,682.65,682.87,987717
2025-12-10T09:50:00,682.86,683.33,682.52,682.863,759022
2025-12-10T09:55:00,682.89,683.25,682.31,683.12,897613
2025-12-10T10:00:00,683.115,683.15,682.72,682.9,557993
2025-12-10T10:05:00,682.905,683.37,682.83,683.0765,587732
2025-12-10T10:10:00,683.065,683.435,682.97,683.0201,551927
2025-12-10T10:15:00,683.03,683.46,682.87,683.2999,592923
2025-12-10T10:20:00,683.29,683.41,682.9799,683.21,588192
2025-12-10T10:25:00,683.22,683.24,682.776,682.99,467319
2025-12-10T10:30:00,682.99,683.067,682.35,682.46,530856
2025-12-10T10:35:00,682.45,682.49,681.7,682.04,910958
2025-12-10T10:40:00,682.04,682.64,681.67,682.365,684067
2025-12-10T10:45:00,682.3601,683.17,682.22,683.1499,420384
2025-12-10T10:50:00,683.14,683.23,682.2801,682.32,504484
2025-12-10T10:55:00,682.32,682.51,682.03,682.25,449258
2025-12-10T11:00:00,682.25,682.29,681.45,681.92,592841
2025-12-10T11:05:00,681.93,682.63,681.9,682.48,499659
2025-12-10T11:10:00,682.4712,683.125,682.32,683.1152,526141
2025-12-10T11:15:00,683.13,683.64,683.01,683.62,862003
2025-12-10T11:20:00,683.62,683.77,683.32,683.6,510344
2025-12-10T11:25:00,683.59,683.87,683.375,683.72,436882
2025-12-10T11:30:00,683.72,683.81,683.54,683.81,397645
2025-12-10T11:35:00,683.81,683.84,683.51,683.685,352402
2025-12-10T11:40:00,683.69,683.69,683.165,683.27,373277
2025-12-10T11:45:00,683.28,683.5101,683.0099,683.49,515579
2025-12-10T11:50:00,683.495,683.69,683.31,683.61,297138
2025-12-10T11:55:00,683.62,683.73,683.47,683.6,331658
2025-12-10T12:00:00,683.57,683.7,683.42,683.45,355855
2025-12-10T12:05:00,683.43,683.5,683.27,683.31,204204
2025-12-10T12:10:00,683.3,683.44,683.07,683.25,283180
2025-12-10T12:15:00,683.26,683.4299,683.1045,683.13,239346
2025-12-10T12:20:00,683.12,683.345,682.95,683.33,307666
2025-12-10T12:25:00,683.32,683.44,683.07,683.14,289842
2025-12-10T12:30:00,683.12,683.29,683.01,683.23,180633
2025-12-10T12:35:00,683.23,683.54,683.12,683.1201,204401
2025-12-10T12:40:00,683.12,683.27,682.9201,683.08,221937
2025-12-10T12:45:00,683.07,683.46,683.02,683.42,328934
2025-12-10T12:50:00,683.41,683.96,683.39,683.89,365237
2025-12-10T12:55:00,683.9,684.22,683.72,683.84,418299
2025-12-10T13:00:00,683.83,683.95,683.62,683.77,367478
2025-12-10T13:05:00,683.77,684.06,683.68,683.9674,349717
2025-12-10T13:10:00,683.97,683.995,683.79,683.83,213211
2025-12-10T13:15:00,683.825,683.94,683.58,683.64,291029
2025-12-10T13:20:00,683.645,683.66,683.195,683.21,273190
2025-12-10T13:25:00,683.21,683.22,682.7,682.89,533071
2025-12-10T13:30:00,682.88,683.17,682.68,682.995,545417
2025-12-10T13:35:00,682.995,683.38,682.93,683.185,391321
2025-12-10T13:40:00,683.19,683.2,682.68,682.695,569937
2025-12-10T13:45:00,682.69,683.11,682.595,683.0799,379182
2025-12-10T13:50:00,683.06,683.06,682.72,682.785,300613
2025-12-10T13:55:00,682.78,682.92,682.445,682.87,492056
2025-12-10T14:00:00,682.86,685.23,682.67,683.86,2076748
2025-12-10T14:05:00,683.88,685.69,683.76,685.29,1958662
2025-12-10T14:10:00,685.32,685.74,684.5805,684.75,1058956
2025-12-10T14:15:00,684.76,685.57,684.61,685.035,845187
2025-12-10T14:20:00,685.06,685.0702,683.935,683.9999,720712
2025-12-10T14:25:00,684.01,684.4,683.24,684.21,991239
2025-12-10T14:30:00,684.21,686.29,684.02,685.9894,1628373
2025-12-10T14:35:00,685.985,686.82,684.92,686.02,2580934
2025-12-10T14:40:00,685.9901,686.27,683.36,684.35,2001986
2025-12-10T14:45:00,684.311,685.83,684.24,685.255,1184149
2025-12-10T14:50:00,685.24,687.49,685.01,687.0485,1357413
2025-12-10T14:55:00,687.05,688.06,687.01,687.88,2577485
2025-12-10T15:00:00,687.87,688.42,687.08,688.225,1666505
2025-12-10T15:05:00,688.22,688.49,687.7,688.31,1434594
2025-12-10T15:10:00,688.31,688.62,687.9,688.48,1121187
2025-12-10T15:15:00,688.465,688.6,687.97,688.24,1321318
2025-12-10T15:20:00,688.25,688.83,687.87,687.98,1537768
2025-12-10T15:25:00,687.97,688.56,687.795,688.12,953052
2025-12-10T15:30:00,688.1,688.97,687.95,688.69,990379
2025-12-10T15:35:00,688.69,688.93,688.48,688.67,1111709
2025-12-10T15:40:00,688.67,688.83,688.25,688.375,1023988
2025-12-10T15:45:00,688.365,688.7,688.09,688.26,1170259
2025-12-10T15:50:00,688.27,688.69,687.715,688.09,1958362
2025-12-10T15:55:00,688.09,688.24,687.22,687.46,4960506
2025-12-11T09:30:00,685.11,685.36,684.48,684.6801,1976665
2025-12-11T09:35:00,684.7,685.82,684.55,685.31,1468636
2025-12-11T09:40:00,685.3,685.7,684.91,685.585,1189966
2025-12-11T09:45:00,685.595,685.7,683.64,683.67,1423128
2025-12-11T09:50:00,683.64,683.85,682.62,682.655,2063833
2025-12-11T09:55:00,682.655,683.22,682.29,682.62,1547894
2025-12-11T10:00:00,682.65,683.42,682.165,683.23,1332621
2025-12-11T10:05:00,683.23,684.74,683.13,684.69,1312194
2025-12-11T10:10:00,684.7,685.39,684.1401,685.03,1197599
2025-12-11T10:15:00,685.0,685.44,684.575,685.42,787474
2025-12-11T10:20:00,685.41,686.5,685.32,686.455,1149180
2025-12-11T10:25:00,686.44,686.7995,686.06,686.26,964436
2025-12-11T10:30:00,686.27,686.45,685.955,685.98,933896
2025-12-11T10:35:00,685.99,686.27,685.47,686.19,853569
2025-12-11T10:40:00,686.17,686.18,685.37,685.77,543646
2025-12-11T10:45:00,685.7699,686.17,684.75,684.84,837320
2025-12-11T10:50:00,684.83,685.17,684.07,685.0551,1019362
2025-12-11T10:55:00,685.06,685.86,684.98,685.74,691776
2025-12-11T11:00:00,685.74,686.14,685.08,685.74,779420
2025-12-11T11:05:00,685.75,685.88,684.92,684.995,576766
2025-12-11T11:10:00,685.0,685.56,684.89,685.37,509841
2025-12-11T11:15:00,685.37,685.41,684.802,685.0945,316801
2025-12-11T11:20:00,685.08,685.76,684.84,685.72,391168
2025-12-11T11:25:00,685.73,685.78,684.4,684.605,613808
2025-12-11T11:30:00,684.61,685.36,684.54,685.31,463879
2025-12-11T11:35:00,685.34,685.74,685.16,685.63,557781
2025-12-11T11:40:00,685.62,686.73,685.51,686.47,747031
2025-12-11T11:45:00,686.48,686.97,686.16,686.37,679119
2025-12-11T11:50:00,686.38,686.45,685.18,685.265,853137
2025-12-11T11:55:00,685.27,685.52,684.845,685.5,906986
2025-12-11T12:00:00,685.52,686.08,685.395,685.97,858972
2025-12-11T12:05:00,685.98,686.1,685.77,685.87,336304
2025-12-11T12:10:00,685.89,687.0,685.89,686.72,687572
2025-12-11T12:15:00,686.72,687.06,686.59,686.92,651280
2025-12-11T12:20:00,686.92,687.66,686.92,687.56,706864
2025-12-11T12:25:00,687.55,687.91,687.185,687.355,905047
2025-12-11T12:30:00,687.35,687.76,687.34,687.73,520334
2025-12-11T12:35:00,687.74,687.85,687.4,687.695,453162
2025-12-11T12:40:00,687.69,688.0351,687.62,687.78,537722
2025-12-11T12:45:00,687.79,687.915,687.35,687.39,469964
2025-12-11T12:50:00,687.38,687.55,687.145,687.485,503591
2025-12-11T12:55:00,687.49,687.52,686.98,687.29,540444
2025-12-11T13:00:00,687.28,687.87,687.09,687.75,447588
2025-12-11T13:05:00,687.72,687.95,687.61,687.905,280601
2025-12-11T13:10:00,687.9,688.19,687.765,688.01,380439
2025-12-11T13:15:00,688.02,688.03,687.71,687.8,306774
2025-12-11T13:20:00,687.8,688.1244,687.65,687.9,415749
2025-12-11T13:25:00,687.9,688.01,687.41,687.625,456427
2025-12-11T13:30:00,687.62,687.72,687.3,687.575,405658
2025-12-11T13:35:00,687.58,688.315,687.54,688.26,485692
2025-12-11T13:40:00,688.255,688.625,688.18,688.53,499912
2025-12-11T13:45:00,688.54,688.6199,688.18,688.33,443097
2025-12-11T13:50:00,688.34,688.45,687.96,688.005,391723
2025-12-11T13:55:00,688.01,688.19,687.76,687.96,536034
2025-12-11T14:00:00,687.97,688.41,687.94,688.24,562102
2025-12-11T14:05:00,688.23,688.26,687.85,688.0965,524858
2025-12-11T14:10:00,688.1,688.26,687.9599,688.25,391100
2025-12-11T14:15:00,688.26,688.76,688.24,688.68,756674
2025-12-11T14:20:00,688.67,688.77,688.45,688.68,521407
2025-12-11T14:25:00,688.69,688.79,688.515,688.68,511057
2025-12-11T14:30:00,688.68,688.84,688.59,688.68,597261
2025-12-11T14:35:00,688.69,689.05,688.68,688.745,829419
2025-12-11T14:40:00,688.75,689.049,688.73,689.015,391243
2025-12-11T14:45:00,689.02,689.14,688.87,689.06,694562
2025-12-11T14:50:00,689.06,689.25,688.8353,688.855,444436
2025-12-11T14:55:00,688.85,689.12,688.82,688.83,518203
2025-12-11T15:00:00,688.83,689.16,688.82,689.045,472690
2025-12-11T15:05:00,689.04,689.05,688.66,688.88,700228
2025-12-11T15:10:00,688.89,688.93,688.69,688.71,462953
2025-12-11T15:15:00,688.71,688.86,688.61,688.6824,422064
2025-12-11T15:20:00,688.69,688.93,688.65,688.8,550865
2025-12-11T15:25:00,688.79,688.825,688.41,688.435,768770
2025-12-11T15:30:00,688.44,688.52,688.2,688.3,1014074
2025-12-11T15:35:00,688.295,688.34,687.99,688.2055,1444043
2025-12-11T15:40:00,688.2,688.55,688.16,688.4,968996
2025-12-11T15:45:00,688.39,688.48,688.09,688.31,826834
2025-12-11T15:50:00,688.31,689.11,688.31,688.66,1942697
2025-12-11T15:55:00,688.65,689.18,688.27,689.145,4533026
2025-12-12T09:30:00,688.17,688.685,687.7,688.415,1756384
2025-12-12T09:35:00,688.41,688.87,688.21,688.772,730718
2025-12-12T09:40:00,688.79,688.88,687.79,687.94,1131721
2025-12-12T09:45:00,687.94,688.15,687.365,687.3899,1076255
2025-12-12T09:50:00,687.38,688.0198,687.17,687.87,932832
2025-12-12T09:55:00,687.86,687.985,687.405,687.49,643354
2025-12-12T10:00:00,687.46,687.54,686.58,686.69,1244355
2025-12-12T10:05:00,686.7,686.89,685.58,685.9,1318819
2025-12-12T10:10:00,685.9,686.51,685.79,685.91,1273324
2025-12-12T10:15:00,685.91,686.13,685.36,685.87,1250975
2025-12-12T10:20:00,685.86,686.045,684.72,684.82,1108276
2025-12-12T10:25:00,684.8,684.9099,683.63,683.75,2011514
2025-12-12T10:30:00,683.75,684.71,683.31,684.31,2066164
2025-12-12T10:35:00,684.33,685.15,683.96,684.94,1206505
2025-12-12T10:40:00,684.93,685.21,684.35,685.2,976285
2025-12-12T10:45:00,685.2,685.61,684.915,685.2,1012581
2025-12-12T10:50:00,685.2,685.42,683.88,683.885,1023613
2025-12-12T10:55:00,683.87,683.89,681.31,681.72,2895514
2025-12-12T11:00:00,681.72,682.46,680.62,680.62,2638973
2025-12-12T11:05:00,680.61,681.78,680.47,680.94,1885439
2025-12-12T11:10:00,680.96,681.38,680.18,681.03,1982977
2025-12-12T11:15:00,681.03,681.71,680.51,680.82,1155581
2025-12-12T11:20:00,680.83,681.22,679.7,680.37,1541740
2025-12-12T11:25:00,680.37,681.32,680.09,681.27,1005093
2025-12-12T11:30:00,681.27,681.29,679.93,680.32,751337
2025-12-12T11:35:00,680.315,680.51,679.1744,679.65,1175671
2025-12-12T11:40:00,679.66,680.71,679.24,680.7,1076819
2025-12-12T11:45:00,680.7,680.75,679.88,680.3301,920779
2025-12-12T11:50:00,680.33,680.33,679.76,680.05,571210
2025-12-12T11:55:00,680.02,680.64,679.66,680.5994,885914
2025-12-12T12:00:00,680.59,681.45,680.33,681.19,889737
2025-12-12T12:05:00,681.19,682.12,681.13,681.56,831590
2025-12-12T12:10:00,681.54,682.03,681.505,681.88,506507
2025-12-12T12:15:00,681.88,682.9,681.88,682.88,590143
2025-12-12T12:20:00,682.8846,683.02,682.41,682.7,810767
2025-12-12T12:25:00,682.7,682.7,681.38,681.46,711061
2025-12-12T12:30:00,681.44,682.0,680.945,681.758,704842
2025-12-12T12:35:00,681.75,682.66,681.29,682.6,594343
2025-12-12T12:40:00,682.595,682.85,682.35,682.47,421458
2025-12-12T12:45:00,682.46,683.24,682.42,683.03,537280
2025-12-12T12:50:00,683.05,683.1499,682.37,682.65,405284
2025-12-12T12:55:00,682.6456,683.04,682.52,682.67,323905
2025-12-12T13:00:00,682.68,682.96,682.38,682.825,423995
2025-12-12T13:05:00,682.84,683.19,682.78,682.815,448740
2025-12-12T13:10:00,682.805,684.21,682.77,683.65,1425346
2025-12-12T13:15:00,683.65,684.34,683.58,683.88,703179
2025-12-12T13:20:00,683.87,683.93,683.1,683.37,589832
2025-12-12T13:25:00,683.37,683.88,683.32,683.88,440242
2025-12-12T13:30:00,683.88,683.9,683.44,683.62,368403
2025-12-12T13:35:00,683.62,683.75,683.08,683.63,378575
2025-12-12T13:40:00,683.64,683.79,682.8,682.98,407174
2025-12-12T13:45:00,682.99,683.2,682.72,683.18,514457
2025-12-12T13:50:00,683.175,683.54,683.02,683.295,460322
2025-12-12T13:55:00,683.3,683.44,682.47,682.55,510539
2025-12-12T14:00:00,682.56,682.67,681.93,682.43,1109706
2025-12-12T14:05:00,682.42,682.59,681.94,681.98,589179
2025-12-12T14:10:00,681.98,682.34,681.55,681.74,757023
2025-12-12T14:15:00,681.73,682.07,681.53,681.65,634280
2025-12-12T14:20:00,681.65,681.88,681.22,681.53,802243
2025-12-12T14:25:00,681.54,681.65,681.21,681.475,605440
2025-12-12T14:30:00,681.49,682.05,681.46,681.77,613662
2025-12-12T14:35:00,681.77,681.97,681.56,681.6001,543075
2025-12-12T14:40:00,681.64,682.27,681.64,681.79,514046
2025-12-12T14:45:00,681.78,681.91,681.55,681.8255,483174
2025-12-12T14:50:00,681.81,682.18,681.75,682.09,535126
2025-12-12T14:55:00,682.07,682.21,681.58,681.9699,540926
2025-12-12T15:00:00,681.96,682.12,681.46,681.79,819784
2025-12-12T15:05:00,681.78,682.38,681.73,682.34,735815
2025-12-12T15:10:00,682.33,682.515,681.81,681.82,828741
2025-12-12T15:15:00,681.82,682.0656,681.69,681.8,599296
2025-12-12T15:20:00,681.805,681.995,681.76,681.945,521969
2025-12-12T15:25:00,681.95,681.98,681.1,681.36,1131313
2025-12-12T15:30:00,681.3699,681.49,680.31,681.02,1582230
2025-12-12T15:35:00,681.02,681.13,680.07,680.34,1409103
2025-12-12T15:40:00,680.33,681.14,680.32,680.8397,1429395
2025-12-12T15:45:00,680.84,681.87,680.73,681.36,2184992
2025-12-12T15:50:00,681.36,681.69,680.84,681.361,2143903
2025-12-12T15:55:00,681.38,681.84,681.255,681.72,4210603
2025-12-15T09:30:00,685.72,685.76,683.94,683.955,2299747
2025-12-15T09:35:00,683.97,684.7944,683.555,683.58,1306740
2025-12-15T09:40:00,683.59,684.475,683.56,683.62,1333901
2025-12-15T09:45:00,683.62,683.8712,683.22,683.58,1376059
2025-12-15T09:50:00,683.59,683.73,682.64,682.915,1415903
2025-12-15T09:55:00,682.89,683.0,682.3,682.43,1564710
2025-12-15T10:00:00,682.43,682.45,681.18,681.5,1767442
2025-12-15T10:05:00,681.49,682.585,681.41,681.82,1201052
2025-12-15T10:10:00,681.8,681.895,681.14,681.35,963862
2025-12-15T10:15:00,681.34,681.5,680.63,680.67,1180097
2025-12-15T10:20:00,680.68,681.46,679.83,679.84,1419822
2025-12-15T10:25:00,679.83,680.13,679.25,679.82,1696949
2025-12-15T10:30:00,679.82,681.32,679.59,680.9,1641132
2025-12-15T10:35:00,680.9,681.29,680.19,680.4852,824811
2025-12-15T10:40:00,680.49,681.82,680.052,681.8,1126325
2025-12-15T10:45:00,681.8,682.13,681.45,682.08,937298
2025-12-15T10:50:00,682.11,682.16,680.735,681.15,968509
2025-12-15T10:55:00,681.15,681.395,680.76,681.15,599547
2025-12-15T11:00:00,681.14,681.405,680.56,681.03,802577
2025-12-15T11:05:00,681.04,681.8,680.97,681.785,705446
2025-12-15T11:10:00,681.79,681.8892,680.91,681.03,543495
2025-12-15T11:15:00,681.04,682.66,680.97,682.63,951196
2025-12-15T11:20:00,682.64,682.84,682.28,682.56,733536
2025-12-15T11:25:00,682.57,683.06,682.53,682.79,648970
2025-12-15T11:30:00,682.79,682.92,681.405,681.43,994960
2025-12-15T11:35:00,681.4298,681.58,680.515,680.89,1053184
2025-12-15T11:40:00,680.88,681.35,680.41,680.55,825635
2025-12-15T11:45:00,680.57,680.74,680.14,680.55,906585
2025-12-15T11:50:00,680.54,681.52,680.45,681.46,706002
2025-12-15T11:55:00,681.45,681.74,680.58,680.88,711032
2025-12-15T12:00:00,680.88,681.22,680.57,680.82,551933
2025-12-15T12:05:00,680.825,681.23,680.67,681.08,457889
2025-12-15T12:10:00,681.09,681.33,680.785,680.83,445155
2025-12-15T12:15:00,680.81,680.88,680.21,680.43,594250
2025-12-15T12:20:00,680.42,680.94,680.33,680.58,581251
2025-12-15T12:25:00,680.58,681.1,680.51,680.65,401755
2025-12-15T12:30:00,680.65,680.98,680.07,680.24,524017
2025-12-15T12:35:00,680.235,680.8899,680.235,680.83,426365
2025-12-15T12:40:00,680.83,681.45,680.7802,681.19,516660
2025-12-15T12:45:00,681.18,681.4,680.31,680.355,630335
2025-12-15T12:50:00,680.35,680.35,679.42,679.985,936693
2025-12-15T12:55:00,679.9912,680.58,679.86,680.5044,508215
2025-12-15T13:00:00,680.5,680.8,680.005,680.57,502307
2025-12-15T13:05:00,680.58,681.1,680.46,680.6,474291
2025-12-15T13:10:00,680.62,681.06,680.59,680.98,327064
2025-12-15T13:15:00,680.98,681.19,680.35,680.4299,386749
2025-12-15T13:20:00,680.42,680.65,679.85,679.85,503861
2025-12-15T13:25:00,679.84,680.08,679.51,679.98,567704
2025-12-15T13:30:00,679.98,680.34,679.62,679.89,536099
2025-12-15T13:35:00,679.88,680.31,679.68,679.93,434292
2025-12-15T13:40:00,679.89,680.4,679.82,680.28,478059
2025-12-15T13:45:00,680.29,680.63,680.19,680.42,467336
2025-12-15T13:50:00,680.42,680.9356,680.3195,680.82,406928
2025-12-15T13:55:00,680.83,681.4,680.78,681.02,521289
2025-12-15T14:00:00,681.02,681.52,680.8901,681.43,687918
2025-12-15T14:05:00,681.44,681.5497,680.9809,681.0275,457732
2025-12-15T14:10:00,681.02,681.2,680.79,680.8,592991
2025-12-15T14:15:00,680.8,681.02,680.44,681.0105,655104
2025-12-15T14:20:00,681.02,681.1599,680.5,680.785,416069
2025-12-15T14:25:00,680.77,681.02,680.66,680.8355,396944
2025-12-15T14:30:00,680.835,681.09,680.59,680.8095,470591
2025-12-15T14:35:00,680.81,680.955,680.56,680.72,493927
2025-12-15T14:40:00,680.74,681.0,680.51,680.605,390152
2025-12-15T14:45:00,680.6,680.68,680.44,680.6798,492387
2025-12-15T14:50:00,680.67,681.08,680.55,681.08,693989
2025-12-15T14:55:00,681.08,681.78,681.07,681.69,621519
2025-12-15T15:00:00,681.69,681.69,681.02,681.32,624438
2025-12-15T15:05:00,681.31,681.6699,681.285,681.62,615032
2025-12-15T15:10:00,681.62,681.74,681.28,681.28,607275
2025-12-15T15:15:00,681.28,681.585,681.07,681.2,699571
2025-12-15T15:20:00,681.21,681.22,680.69,680.95,886351
2025-12-15T15:25:00,680.95,681.19,680.73,681.07,697082
2025-12-15T15:30:00,681.09,681.25,680.61,680.775,753438
2025-12-15T15:35:00,680.78,681.24,680.64,681.22,868770
2025-12-15T15:40:00,681.202,681.335,680.55,680.6899,1080595
2025-12-15T15:45:00,680.68,681.24,680.61,681.175,1407626
2025-12-15T15:50:00,681.18,681.6,680.76,680.89,2450740
2025-12-15T15:55:00,680.89,681.24,680.66,680.7,4077168
2025-12-16T09:30:00,679.19,680.51,678.83,679.56,2490563
2025-12-16T09:35:00,679.56,680.47,679.28,679.48,1712392
2025-12-16T09:40:00,679.48,679.57,678.15,678.6501,1295790
2025-12-16T09:45:00,678.73,680.05,677.68,679.685,1506189
2025-12-16T09:50:00,679.69,681.02,679.5756,679.885,1483256
2025-12-16T09:55:00,679.88,681.0,679.64,680.79,898031
2025-12-16T10:00:00,680.82,681.08,679.06,679.84,1183706
2025-12-16T10:05:00,679.91,680.88,679.49,679.67,885626
2025-12-16T10:10:00,679.66,679.82,678.98,679.315,941256
2025-12-16T10:15:00,679.28,679.53,678.03,678.36,1001962
2025-12-16T10:20:00,678.35,678.47,677.26,677.305,1209019
2025-12-16T10:25:00,677.31,677.88,676.44,677.69,1850668
2025-12-16T10:30:00,677.71,678.69,677.55,678.16,1239873
2025-12-16T10:35:00,678.18,678.6,677.04,677.87,883891
2025-12-16T10:40:00,677.87,678.22,677.02,678.15,788886
2025-12-16T10:45:00,678.14,679.0,678.08,678.49,842723
2025-12-16T10:50:00,678.46,679.14,677.58,678.94,691560
2025-12-16T10:55:00,678.92,679.415,678.47,679.0,687610
2025-12-16T11:00:00,678.99,679.3218,678.54,678.67,481124
2025-12-16T11:05:00,678.68,678.85,677.94,678.23,965178
2025-12-16T11:10:00,678.24,678.39,677.47,677.74,570251
2025-12-16T11:15:00,677.74,677.86,676.87,677.51,769799
2025-12-16T11:20:00,677.5,677.67,677.03,677.12,522578
2025-12-16T11:25:00,677.13,677.29,676.81,677.135,488646
2025-12-16T11:30:00,677.14,677.65,676.78,677.5,603840
2025-12-16T11:35:00,677.51,677.74,676.61,677.28,599629
2025-12-16T11:40:00,677.27,677.42,676.69,677.375,417786
2025-12-16T11:45:00,677.365,678.02,677.04,678.0,612371
2025-12-16T11:50:00,678.015,678.49,677.215,677.533,547625
2025-12-16T11:55:00,677.52,678.46,677.43,678.28,427545
2025-12-16T12:00:00,678.3,678.76,677.99,678.58,522277
2025-12-16T12:05:00,678.56,678.74,677.99,677.99,537719
2025-12-16T12:10:00,677.99,678.64,677.46,678.58,554063
2025-12-16T12:15:00,678.58,678.94,678.45,678.6,373502
2025-12-16T12:20:00,678.61,678.69,677.88,677.94,366809
2025-12-16T12:25:00,677.93,677.95,677.02,677.38,620446
2025-12-16T12:30:00,677.3748,678.05,677.3,678.01,458879
2025-12-16T12:35:00,678.01,678.28,676.95,677.18,479791
2025-12-16T12:40:00,677.17,677.2,676.305,676.71,595826
2025-12-16T12:45:00,676.74,677.13,676.545,676.63,471160
2025-12-16T12:50:00,676.635,676.642,676.13,676.37,411211
2025-12-16T12:55:00,676.39,676.51,675.42,675.6,1249415
2025-12-16T13:00:00,675.61,675.96,674.98,675.865,1400114
2025-12-16T13:05:00,675.8799,676.01,675.06,675.755,1033847
2025-12-16T13:10:00,675.7487,676.07,675.23,676.05,710845
2025-12-16T13:15:00,676.04,676.08,675.3599,675.53,531283
2025-12-16T13:20:00,675.53,676.035,675.34,676.005,473858
2025-12-16T13:25:00,676.01,676.2,675.435,675.59,502152
2025-12-16T13:30:00,675.59,676.61,675.56,676.56,623971
2025-12-16T13:35:00,676.57,677.3,676.47,677.145,864056
2025-12-16T13:40:00,677.14,677.93,677.13,677.84,724546
2025-12-16T13:45:00,677.86,678.36,677.5896,678.18,805110
2025-12-16T13:50:00,678.17,678.61,677.705,677.8,803120
2025-12-16T13:55:00,677.8,678.0382,677.64,677.86,494976
2025-12-16T14:00:00,677.85,677.9,676.5,676.53,1064543
2025-12-16T14:05:00,676.52,676.89,676.36,676.75,986651
2025-12-16T14:10:00,676.76,676.86,676.01,676.15,786127
2025-12-16T14:15:00,676.155,676.31,675.88,675.93,606514
2025-12-16T14:20:00,675.93,676.66,675.86,676.41,729279
2025-12-16T14:25:00,676.4,677.08,675.92,677.05,1001418
2025-12-16T14:30:00,677.04,677.54,676.93,677.45,652246
2025-12-16T14:35:00,677.45,677.89,677.28,677.52,550241
2025-12-16T14:40:00,677.525,678.13,677.23,677.935,646227
2025-12-16T14:45:00,677.95,678.0899,677.4901,677.835,561578
2025-12-16T14:50:00,677.84,678.58,677.7,678.16,749275
2025-12-16T14:55:00,678.18,678.2,677.82,677.94,587247
2025-12-16T15:00:00,677.94,678.75,677.63,678.695,935628
2025-12-16T15:05:00,678.7,678.98,678.41,678.81,781482
2025-12-16T15:10:00,678.81,679.01,678.3,678.32,755414
2025-12-16T15:15:00,678.33,678.73,678.26,678.67,759905
2025-12-16T15:20:00,678.665,679.255,678.575,679.23,810412
2025-12-16T15:25:00,679.23,679.26,678.98,679.2,796435
2025-12-16T15:30:00,679.195,680.0,679.17,679.8099,1394024
2025-12-16T15:35:00,679.8,680.56,679.79,680.09,1588537
2025-12-16T15:40:00,680.085,680.3,679.79,679.99,1066945
2025-12-16T15:45:00,680.0,680.09,679.45,679.75,1281798
2025-12-16T15:50:00,679.75,680.39,679.6988,679.91,2428989
2025-12-16T15:55:00,679.9,680.41,678.82,678.86,6236023
2025-12-17T09:30:00,679.89,680.435,679.195,679.775,2188685
2025-12-17T09:35:00,679.77,680.035,678.79,678.8,1802219
2025-12-17T09:40:00,678.795,679.185,678.11,678.52,1423788
2025-12-17T09:45:00,678.52,678.83,677.6,678.6,1699179
2025-12-17T09:50:00,678.6,679.05,678.17,678.32,1069569
2025-12-17T09:55:00,678.32,679.52,677.87,679.265,920998
2025-12-17T10:00:00,679.265,679.51,678.5,679.015,1022726
2025-12-17T10:05:00,679.02,679.68,678.42,678.48,773197
2025-12-17T10:10:00,678.49,679.04,678.21,678.87,555236
2025-12-17T10:15:00,678.88,679.06,678.15,678.302,486729
2025-12-17T10:20:00,678.31,679.37,678.11,678.77,775795
2025-12-17T10:25:00,678.77,679.34,678.16,678.93,742903
2025-12-17T10:30:00,678.92,679.17,677.93,677.94,808029
2025-12-17T10:35:00,677.93,678.05,676.78,676.95,1587644
2025-12-17T10:40:00,676.95,677.29,675.595,676.04,1394882
2025-12-17T10:45:00,676.03,676.42,675.21,675.935,2214569
2025-12-17T10:50:00,675.94,676.15,674.5,674.755,1560855
2025-12-17T10:55:00,674.75,674.93,674.02,674.56,1384522
2025-12-17T11:00:00,674.55,675.215,674.21,675.05,1249445
2025-12-17T11:05:00,675.0699,675.7,674.88,675.19,964944
2025-12-17T11:10:00,675.18,675.52,673.67,673.71,1192509
2025-12-17T11:15:00,673.7,674.88,673.43,674.5699,1274392
2025-12-17T11:20:00,674.55,675.2,674.1,674.71,807457
2025-12-17T11:25:00,674.7,675.3899,674.58,674.635,578420
2025-12-17T11:30:00,674.63,674.63,673.62,673.87,893470
2025-12-17T11:35:00,673.85,674.76,673.5045,674.04,782064
2025-12-17T11:40:00,674.05,674.67,673.635,674.3399,670611
2025-12-17T11:45:00,674.31,674.74,673.62,673.9601,554135
2025-12-17T11:50:00,673.96,674.26,673.07,673.785,977721
2025-12-17T11:55:00,673.77,674.265,673.18,674.23,704910
2025-12-17T12:00:00,674.22,674.49,673.08,673.34,924765
2025-12-17T12:05:00,673.34,674.07,673.31,673.39,688326
2025-12-17T12:10:00,673.38,674.24,673.19,673.4,637485
2025-12-17T12:15:00,673.395,674.595,673.18,674.1399,695769
2025-12-17T12:20:00,674.13,675.04,674.1,674.9956,483925
2025-12-17T12:25:00,675.02,675.05,674.03,674.15,512131
2025-12-17T12:30:00,674.16,675.07,674.095,674.42,468872
2025-12-17T12:35:00,674.41,674.745,673.84,673.8535,378128
2025-12-17T12:40:00,673.85,674.43,673.47,673.6,510210
2025-12-17T12:45:00,673.61,674.92,673.0,673.48,541385
2025-12-17T12:50:00,673.478,674.1,673.385,673.515,645169
2025-12-17T12:55:00,673.51,674.06,673.505,673.8,376542
2025-12-17T13:00:00,673.81,674.7618,673.81,674.47,453035
2025-12-17T13:05:00,674.47,674.8765,674.19,674.2,489351
2025-12-17T13:10:00,674.21,674.21,673.375,673.4399,406194
2025-12-17T13:15:00,673.42,673.63,673.08,673.205,781667
2025-12-17T13:20:00,673.21,673.72,673.02,673.59,502377
2025-12-17T13:25:00,673.575,673.7665,673.21,673.37,616767
2025-12-17T13:30:00,673.36,673.41,673.01,673.31,482246
2025-12-17T13:35:00,673.31,673.62,672.8151,672.88,825468
2025-12-17T13:40:00,672.86,672.98,672.08,672.71,1291039
2025-12-17T13:45:00,672.71,673.01,672.1999,672.475,563765
2025-12-17T13:50:00,672.46,672.72,672.16,672.32,790808
2025-12-17T13:55:00,672.32,672.66,672.2,672.555,560337
2025-12-17T14:00:00,672.555,672.755,672.055,672.29,945505
2025-12-17T14:05:00,672.29,672.65,672.24,672.39,817721
2025-12-17T14:10:00,672.39,672.87,672.24,672.65,877129
2025-12-17T14:15:00,672.64,673.0,672.6,672.7,916728
2025-12-17T14:20:00,672.69,672.93,672.335,672.75,787574
2025-12-17T14:25:00,672.75,672.84,672.33,672.47,648114
2025-12-17T14:30:00,672.46,672.87,672.22,672.3,805590
2025-12-17T14:35:00,672.28,672.78,672.22,672.7045,600890
2025-12-17T14:40:00,672.7,672.92,672.49,672.71,742849
2025-12-17T14:45:00,672.71,672.95,672.59,672.86,580796
2025-12-17T14:50:00,672.86,673.22,672.615,673.12,761213
2025-12-17T14:55:00,673.12,673.2978,672.98,673.13,574507
2025-12-17T15:00:00,673.12,673.32,672.57,672.65,772878
2025-12-17T15:05:00,672.65,672.81,672.415,672.585,900116
2025-12-17T15:10:00,672.61,672.94,672.51,672.79,775308
2025-12-17T15:15:00,672.76,673.24,672.75,672.9,811399
2025-12-17T15:20:00,672.89,673.025,672.81,672.95,714601
2025-12-17T15:25:00,672.95,672.95,672.24,672.52,876011
2025-12-17T15:30:00,672.53,672.78,671.95,672.51,1088925
2025-12-17T15:35:00,672.5,672.56,672.175,672.235,842644
2025-12-17T15:40:00,672.24,672.9,672.18,672.79,1256660
2025-12-17T15:45:00,672.79,672.98,672.48,672.97,1170378
2025-12-17T15:50:00,672.95,673.0,671.61,671.795,3847488
2025-12-17T15:55:00,671.79,671.79,671.195,671.3,4932314
2025-12-18T09:30:00,677.6,678.59,677.32,677.81,3340560
2025-12-18T09:35:00,677.82,677.86,676.59,676.975,1654663
2025-12-18T09:40:00,676.98,677.21,676.08,676.28,1555576
2025-12-18T09:45:00,676.28,677.05,675.69,676.2,1466008
2025-12-18T09:50:00,676.2,677.7,675.91,677.55,1306674
2025-12-18T09:55:00,677.56,678.31,677.22,678.06,1330083
2025-12-18T10:00:00,678.06,678.4401,677.85,678.14,1247140
2025-12-18T10:05:00,678.15,678.2495,677.27,677.48,788823
2025-12-18T10:10:00,677.49,677.58,676.2799,676.74,1196756
2025-12-18T10:15:00,676.74,677.03,676.14,676.55,863273
2025-12-18T10:20:00,676.545,678.39,676.1601,678.31,937893
2025-12-18T10:25:00,678.3098,679.11,678.17,679.01,1471056
2025-12-18T10:30:00,679.01,679.58,678.68,679.56,1173325
2025-12-18T10:35:00,679.56,680.56,679.15,680.23,1601189
2025-12-18T10:40:00,680.25,680.6,679.915,680.46,1266550
2025-12-18T10:45:00,680.46,680.52,679.875,680.0903,1211655
2025-12-18T10:50:00,680.1,680.35,679.71,679.95,898136
2025-12-18T10:55:00,679.95,680.12,679.665,680.03,613668
2025-12-18T11:00:00,680.03,680.34,679.83,680.27,631381
2025-12-18T11:05:00,680.27,680.55,680.21,680.4602,614996
2025-12-18T11:10:00,680.46,680.74,679.9,679.935,686905
2025-12-18T11:15:00,679.935,680.39,679.89,680.1,692516
2025-12-18T11:20:00,680.105,680.365,679.97,680.09,456092
2025-12-18T11:25:00,680.09,680.38,679.52,679.745,560413
2025-12-18T11:30:00,679.74,680.2,679.74,680.04,563763
2025-12-18T11:35:00,680.05,680.71,680.05,680.39,958810
2025-12-18T11:40:00,680.405,680.55,680.26,680.27,599175
2025-12-18T11:45:00,680.26,680.375,679.81,679.95,720949
2025-12-18T11:50:00,679.94,680.18,679.665,680.0,566948
2025-12-18T11:55:00,679.985,680.14,679.325,679.56,495012
2025-12-18T12:00:00,679.55,679.5707,678.81,678.84,674601
2025-12-18T12:05:00,678.84,678.89,676.83,676.8601,1638653
2025-12-18T12:10:00,676.85,677.09,675.99,676.44,2151842
2025-12-18T12:15:00,676.42,676.44,675.19,675.93,1941477
2025-12-18T12:20:00,675.93,676.55,675.13,675.26,1445245
2025-12-18T12:25:00,675.27,676.0,674.9,675.78,1290750
2025-12-18T12:30:00,675.79,676.785,675.48,676.6862,1262719
2025-12-18T12:35:00,676.69,677.29,676.43,677.23,857731
2025-12-18T12:40:00,677.24,678.26,677.24,678.26,1096387
2025-12-18T12:45:00,678.26,678.69,677.63,677.851,1042746
2025-12-18T12:50:00,677.84,678.07,677.3201,677.86,775552
2025-12-18T12:55:00,677.85,678.39,677.44,678.37,718613
2025-12-18T13:00:00,678.36,678.39,677.58,677.65,844798
2025-12-18T13:05:00,677.66,678.4,677.61,678.38,531627
2025-12-18T13:10:00,678.37,678.87,678.15,678.33,637557
2025-12-18T13:15:00,678.31,678.66,678.3,678.51,418420
2025-12-18T13:20:00,678.49,678.93,678.43,678.9099,424616
2025-12-18T13:25:00,678.9,679.09,678.665,678.825,454178
2025-12-18T13:30:00,678.83,679.59,678.83,679.26,584193
2025-12-18T13:35:00,679.26,679.7,679.24,679.43,535907
2025-12-18T13:40:00,679.43,679.56,678.87,678.89,423411
2025-12-18T13:45:00,678.88,678.94,678.27,678.36,688241
2025-12-18T13:50:00,678.37,678.77,678.04,678.23,809032
2025-12-18T13:55:00,678.22,678.67,678.095,678.275,500364
2025-12-18T14:00:00,678.23,678.31,676.72,676.8,1289934
2025-12-18T14:05:00,676.77,677.9,676.59,677.83,1374322
2025-12-18T14:10:00,677.84,678.2,677.28,677.465,760776
2025-12-18T14:15:00,677.47,677.48,676.89,677.04,696212
2025-12-18T14:20:00,677.05,677.31,676.74,676.89,804292
2025-12-18T14:25:00,676.9,677.25,676.67,677.15,851451
2025-12-18T14:30:00,677.16,677.3,676.36,676.4,745996
2025-12-18T14:35:00,676.37,676.78,676.28,676.69,643895
2025-12-18T14:40:00,676.67,676.99,676.19,676.32,723227
2025-12-18T14:45:00,676.315,676.96,676.08,676.96,708276
2025-12-18T14:50:00,676.97,677.31,676.19,676.325,973948
2025-12-18T14:55:00,676.33,676.34,675.32,675.72,1191088
2025-12-18T15:00:00,675.71,676.8,675.45,676.79,987054
2025-12-18T15:05:00,676.8,677.12,676.45,676.68,1197003
2025-12-18T15:10:00,676.69,677.42,676.63,677.37,877190
2025-12-18T15:15:00,677.37,677.6299,676.87,677.57,955252
2025-12-18T15:20:00,677.5756,677.79,677.23,677.73,913887
2025-12-18T15:25:00,677.73,677.85,677.3,677.63,1063086
2025-12-18T15:30:00,677.62,678.22,677.39,678.19,994885
2025-12-18T15:35:00,678.2,678.39,677.63,677.77,1162684
2025-12-18T15:40:00,677.76,678.26,677.52,678.17,1130006
2025-12-18T15:45:00,678.15,678.55,677.915,678.33,2477635
2025-12-18T15:50:00,678.33,678.52,677.165,677.33,2611480
2025-12-18T15:55:00,677.32,677.44,676.41,676.48,4723913
2025-12-19T09:30:00,676.6,678.23,676.47,678.2199,2943172
2025-12-19T09:35:00,678.23,678.33,677.34,678.07,1761951
2025-12-19T09:40:00,678.07,679.415,677.76,679.41,1771698
2025-12-19T09:45:00,679.41,679.61,678.8,679.05,1955720
2025-12-19T09:50:00,679.05,679.69,679.035,679.28,1144297
2025-12-19T09:55:00,679.28,679.91,679.03,679.82,1035607
2025-12-19T10:00:00,679.81,680.52,679.7136,680.1101,1560517
2025-12-19T10:05:00,680.12,680.12,679.2199,679.738,1400992
2025-12-19T10:10:00,679.76,679.8,679.21,679.58,1021518
2025-12-19T10:15:00,679.59,679.98,679.262,679.56,912546
2025-12-19T10:20:00,679.555,679.68,679.01,679.11,827677
2025-12-19T10:25:00,679.1,679.45,678.45,679.19,1180895
2025-12-19T10:30:00,679.19,679.91,678.7,679.53,1021765
2025-12-19T10:35:00,679.53,680.115,679.52,680.07,829727
2025-12-19T10:40:00,680.07,680.11,679.16,679.25,1328926
2025-12-19T10:45:00,679.27,679.44,678.66,678.7301,1116018
2025-12-19T10:50:00,678.74,679.3599,678.73,679.19,1017080
2025-12-19T10:55:00,679.18,679.245,678.825,678.98,767564
2025-12-19T11:00:00,678.97,679.4995,678.56,679.4,694776
2025-12-19T11:05:00,679.395,679.97,679.27,679.72,537105
2025-12-19T11:10:00,679.72,680.275,679.51,679.65,1221691
2025-12-19T11:15:00,679.67,680.115,679.45,679.99,548999
2025-12-19T11:20:00,679.99,680.06,679.68,679.78,675974
2025-12-19T11:25:00,679.78,680.22,679.78,680.17,554104
2025-12-19T11:30:00,680.19,680.53,680.115,680.23,810866
2025-12-19T11:35:00,680.23,680.31,679.92,679.94,642342
2025-12-19T11:40:00,679.94,680.3699,679.785,679.785,527637
2025-12-19T11:45:00,679.795,679.96,679.34,679.46,714341
2025-12-19T11:50:00,679.46,680.175,679.35,680.01,562751
2025-12-19T11:55:00,680.02,680.15,679.6,679.695,415251
2025-12-19T12:00:00,679.7,680.225,679.63,680.08,457908
2025-12-19T12:05:00,680.075,680.185,679.94,680.1121,477969
2025-12-19T12:10:00,680.115,680.1587,679.9,680.14,465688
2025-12-19T12:15:00,680.15,680.74,680.15,680.51,847045
2025-12-19T12:20:00,680.505,680.835,680.49,680.8,570205
2025-12-19T12:25:00,680.81,680.82,680.6,680.68,534731
2025-12-19T12:30:00,680.69,680.69,680.38,680.475,420709
2025-12-19T12:35:00,680.47,680.82,680.31,680.77,609047
2025-12-19T12:40:00,680.77,680.805,680.405,680.475,481323
2025-12-19T12:45:00,680.48,680.68,680.35,680.59,389678
2025-12-19T12:50:00,680.59,680.99,680.585,680.96,510864
2025-12-19T12:55:00,680.95,681.058,680.64,680.655,528776
2025-12-19T13:00:00,680.655,680.8,680.47,680.74,499809
2025-12-19T13:05:00,680.735,680.9099,680.68,680.76,380276
2025-12-19T13:10:00,680.76,680.995,680.76,680.92,323302
2025-12-19T13:15:00,680.925,681.09,680.89,681.04,363540
2025-12-19T13:20:00,681.04,681.045,680.64,680.65,405023
2025-12-19T13:25:00,680.65,680.87,680.64,680.75,300749
2025-12-19T13:30:00,680.77,680.86,680.54,680.57,432198
2025-12-19T13:35:00,680.57,680.72,680.43,680.565,262658
2025-12-19T13:40:00,680.57,680.57,680.18,680.36,377003
2025-12-19T13:45:00,680.37,680.39,680.17,680.305,317694
2025-12-19T13:50:00,680.3085,680.605,680.24,680.47,330356
2025-12-19T13:55:00,680.4644,680.5,680.1883,680.225,319844
2025-12-19T14:00:00,680.22,680.68,680.22,680.535,458908
2025-12-19T14:05:00,680.5301,680.64,680.32,680.42,721699
2025-12-19T14:10:00,680.415,680.76,680.39,680.5899,367647
2025-12-19T14:15:00,680.59,680.735,680.47,680.69,367363
2025-12-19T14:20:00,680.68,680.765,680.57,680.745,317585
2025-12-19T14:25:00,680.75,680.8,680.6,680.64,340096
2025-12-19T14:30:00,680.64,680.84,680.52,680.75,443643
2025-12-19T14:35:00,680.745,680.9399,680.68,680.72,602957
2025-12-19T14:40:00,680.715,680.885,680.6264,680.7901,373637
2025-12-19T14:45:00,680.8,681.0,680.77,680.8644,514611
2025-12-19T14:50:00,680.865,680.95,680.73,680.81,644618
2025-12-19T14:55:00,680.79,680.94,680.545,680.59,585413
2025-12-19T15:00:00,680.59,680.83,680.485,680.54,587089
2025-12-19T15:05:00,680.55,680.655,680.475,680.53,641424
2025-12-19T15:10:00,680.53,680.74,680.36,680.44,775831
2025-12-19T15:15:00,680.43,680.54,680.34,680.44,523255
2025-12-19T15:20:00,680.445,680.73,680.42,680.68,622106
2025-12-19T15:25:00,680.68,680.745,680.4134,680.485,717670
2025-12-19T15:30:00,680.49,680.665,680.28,680.385,948804
2025-12-19T15:35:00,680.39,680.505,680.26,680.32,879909
2025-12-19T15:40:00,680.31,680.385,679.61,679.94,1316869
2025-12-19T15:45:00,679.94,680.1799,679.85,679.97,2003200
2025-12-19T15:50:00,679.96,680.72,679.68,680.4999,3439489
2025-12-19T15:55:00,680.48,680.69,679.98,680.59,7741479
2025-12-22T09:30:00,683.93,684.53,683.38,683.67,2264801
2025-12-22T09:35:00,683.67,683.93,683.16,683.29,1285291
2025-12-22T09:40:00,683.3,683.525,682.94,683.23,1213913
2025-12-22T09:45:00,683.22,683.7299,683.08,683.36,926080
2025-12-22T09:50:00,683.36,684.06,683.285,684.0,794471
2025-12-22T09:55:00,684.015,684.135,683.8,683.97,814803
2025-12-22T10:00:00,683.975,684.12,683.435,683.47,770985
2025-12-22T10:05:00,683.47,683.7714,683.245,683.55,532373
2025-12-22T10:10:00,683.58,683.61,682.89,682.97,676577
2025-12-22T10:15:00,682.99,683.6,682.94,683.475,698522
2025-12-22T10:20:00,683.48,683.88,683.37,683.7799,645681
2025-12-22T10:25:00,683.77,683.93,683.61,683.77,449355
2025-12-22T10:30:00,683.77,683.99,683.4601,683.49,511419
2025-12-22T10:35:00,683.49,683.49,682.68,682.88,878300
2025-12-22T10:40:00,682.89,683.79,682.8544,683.72,791097
2025-12-22T10:45:00,683.72,683.91,683.67,683.82,611299
2025-12-22T10:50:00,683.82,683.94,683.58,683.82,462887
2025-12-22T10:55:00,683.83,683.98,683.62,683.65,480635
2025-12-22T11:00:00,683.64,683.975,683.64,683.85,341149
2025-12-22T11:05:00,683.855,684.25,683.83,684.19,526376
2025-12-22T11:10:00,684.22,684.67,684.17,684.645,695863
2025-12-22T11:15:00,684.64,684.915,684.57,684.84,742370
2025-12-22T11:20:00,684.85,684.975,684.72,684.75,629372
2025-12-22T11:25:00,684.76,684.92,684.58,684.67,443545
2025-12-22T11:30:00,684.67,684.78,684.44,684.48,525644
2025-12-22T11:35:00,684.49,684.7399,684.45,684.5001,493365
2025-12-22T11:40:00,684.49,684.72,684.36,684.37,300237
2025-12-22T11:45:00,684.37,684.65,684.36,684.4901,295310
2025-12-22T11:50:00,684.5,684.745,684.5,684.7101,284717
2025-12-22T11:55:00,684.71,684.95,684.68,684.95,481199
2025-12-22T12:00:00,684.96,685.08,684.78,684.865,535283
2025-12-22T12:05:00,684.87,684.92,684.675,684.74,438943
2025-12-22T12:10:00,684.735,684.94,684.68,684.805,437961
2025-12-22T12:15:00,684.81,684.965,684.8,684.84,413510
2025-12-22T12:20:00,684.835,684.87,684.69,684.69,318587
2025-12-22T12:25:00,684.68,684.745,684.52,684.65,301608
2025-12-22T12:30:00,684.645,684.83,684.56,684.61,302747
2025-12-22T12:35:00,684.61,684.76,684.6,684.68,324622
2025-12-22T12:40:00,684.69,684.93,684.595,684.79,384081
2025-12-22T12:45:00,684.79,684.885,684.685,684.78,256054
2025-12-22T12:50:00,684.78,685.2,684.76,685.12,691422
2025-12-22T12:55:00,685.12,685.36,685.1,685.21,514673
2025-12-22T13:00:00,685.21,685.22,685.02,685.025,406661
2025-12-22T13:05:00,685.025,685.03,684.8936,684.9199,509026
2025-12-22T13:10:00,684.9199,684.96,684.78,684.81,382006
2025-12-22T13:15:00,684.81,684.84,684.6,684.74,517229
2025-12-22T13:20:00,684.73,684.7499,684.54,684.55,385018
2025-12-22T13:25:00,684.5436,684.76,684.35,684.715,565325
2025-12-22T13:30:00,684.71,684.91,684.71,684.73,376938
2025-12-22T13:35:00,684.72,684.84,684.63,684.8,219955
2025-12-22T13:40:00,684.8,684.9,684.685,684.75,231428
2025-12-22T13:45:00,684.74,684.78,684.6036,684.655,237297
2025-12-22T13:50:00,684.655,684.68,684.37,684.395,373987
2025-12-22T13:55:00,684.39,684.66,684.38,684.505,357073
2025-12-22T14:00:00,684.5,684.57,684.33,684.38,267355
2025-12-22T14:05:00,684.3804,684.47,684.25,684.365,470514
2025-12-22T14:10:00,684.35,684.365,684.215,684.3,366935
2025-12-22T14:15:00,684.3,684.44,684.205,684.43,425639
2025-12-22T14:20:00,684.43,684.615,684.34,684.57,384731
2025-12-22T14:25:00,684.565,684.75,684.53,684.72,408698
2025-12-22T14:30:00,684.73,685.01,684.72,684.81,626183
2025-12-22T14:35:00,684.81,684.9999,684.805,684.84,393486
2025-12-22T14:40:00,684.85,684.886591,684.72,684.74,514499
2025-12-22T14:45:00,684.74,684.91,684.695,684.74,310500
2025-12-22T14:50:00,684.75,684.84,684.68,684.68,339368
2025-12-22T14:55:00,684.68,684.81,684.67,684.79,371719
2025-12-22T15:00:00,684.79,684.96,684.76,684.845,480192
2025-12-22T15:05:00,684.8466,684.8799,684.665,684.68,472982
2025-12-22T15:10:00,684.69,684.91,680.5868,684.76,1092394
2025-12-22T15:15:00,684.765,685.04,684.71,684.995,834877
2025-12-22T15:20:00,684.995,685.04,684.85,684.915,539323
2025-12-22T15:25:00,684.915,684.98,684.83,684.925,723615
2025-12-22T15:30:00,684.925,685.05,684.92,685.025,775009
2025-12-22T15:35:00,685.03,685.1499,684.9,685.0,1374732
2025-12-22T15:40:00,685.005,685.02,684.875,684.9158,735022
2025-12-22T15:45:00,684.91,684.96,684.69,684.81,1268825
2025-12-22T15:50:00,684.8,685.0,684.61,685.0,1962976
2025-12-22T15:55:00,685.0,685.045,684.69,684.79,3030490
2025-12-23T09:30:00,683.93,685.61,683.87,685.02,1595524
2025-12-23T09:35:00,685.02,685.46,684.79,685.375,857181
2025-12-23T09:40:00,685.38,685.8,685.23,685.775,752264
2025-12-23T09:45:00,685.78,686.25,685.73,685.935,920920
2025-12-23T09:50:00,685.92,686.105,685.56,685.66,686486
2025-12-23T09:55:00,685.65,685.7,685.1,685.41,816727
2025-12-23T10:00:00,685.4101,685.49,684.46,684.55,1058949
2025-12-23T10:05:00,684.55,684.895,684.36,684.86,842172
2025-12-23T10:10:00,684.87,685.09,684.38,684.76,794619
2025-12-23T10:15:00,684.75,685.37,684.74,685.26,637878
2025-12-23T10:20:00,685.26,685.565,685.2399,685.49,553990
2025-12-23T10:25:00,685.49,685.55,684.98,685.24,515962
2025-12-23T10:30:00,685.24,685.69,685.2303,685.636129,427799
2025-12-23T10:35:00,685.64,686.02,685.61,685.95,616193
2025-12-23T10:40:00,685.945,686.185,685.905,686.1,665958
2025-12-23T10:45:00,686.1,686.1988,685.86,686.1498,787522
2025-12-23T10:50:00,686.1437,686.245,686.03,686.14,442078
2025-12-23T10:55:00,686.135,686.485,685.9699,686.32,609872
2025-12-23T11:00:00,686.33,686.63,686.255,686.43,737987
2025-12-23T11:05:00,686.435,686.59,686.3294,686.38,463327
2025-12-23T11:10:00,686.39,686.5,686.27,686.45,575397
2025-12-23T11:15:00,686.45,686.69,686.45,686.66,574925
2025-12-23T11:20:00,686.66,686.68,686.48,686.595,421546
2025-12-23T11:25:00,686.59,686.74,686.46,686.492,506790
2025-12-23T11:30:00,686.495,686.55,686.42,686.47,472108
2025-12-23T11:35:00,686.475,686.55,686.36,686.5,372811
2025-12-23T11:40:00,686.5,686.785,686.47,686.69,301209
2025-12-23T11:45:00,686.695,686.82,686.655,686.75,333547
2025-12-23T11:50:00,686.76,686.965,686.73,686.895,571045
2025-12-23T11:55:00,686.9,687.0088,686.795,686.89,361431
2025-12-23T12:00:00,686.9,686.97,686.66,686.875,584476
2025-12-23T12:05:00,686.875,686.99,686.845,686.955,312331
2025-12-23T12:10:00,686.96,687.0201,686.8901,686.94,421095
2025-12-23T12:15:00,686.945,687.03,686.87,686.985,356104
2025-12-23T12:20:00,686.99,687.22,686.985,687.12,527493
2025-12-23T12:25:00,687.13,687.15,687.0166,687.07,377983
2025-12-23T12:30:00,687.06,687.1997,686.89,687.0,545432
2025-12-23T12:35:00,687.0,687.15,686.945,687.085,427418
2025-12-23T12:40:00,687.08,687.095,686.97,687.045,312387
2025-12-23T12:45:00,687.04,687.12,686.9,686.92,295239
2025-12-23T12:50:00,686.92,687.0405,686.79,686.975,385381
2025-12-23T12:55:00,686.97,687.105,686.93,686.985,378317
2025-12-23T13:00:00,686.99,687.12,686.92,686.95,250344
2025-12-23T13:05:00,686.95,687.355,686.9498,687.2999,658592
2025-12-23T13:10:00,687.3,687.36,687.18,687.34,421333
2025-12-23T13:15:00,687.34,687.41,687.265,687.3916,326692
2025-12-23T13:20:00,687.4,687.7299,687.39,687.6,762298
2025-12-23T13:25:00,687.6,687.65,687.44,687.545,420403
2025-12-23T13:30:00,687.55,687.7,687.525,687.625,405371
2025-12-23T13:35:00,687.625,687.65,687.54,687.635,299044
2025-12-23T13:40:00,687.6336,687.67,687.57,687.66,366904
2025-12-23T13:45:00,687.66,687.7,687.58,687.61,402184
2025-12-23T13:50:00,687.61,687.68,687.53,687.585,247834
2025-12-23T13:55:00,687.59,687.62,687.51,687.53,366888
2025-12-23T14:00:00,687.53,687.73,687.495,687.72,513512
2025-12-23T14:05:00,687.72,687.825,687.65,687.7412,471526
2025-12-23T14:10:00,687.74,687.82,687.7,687.7098,302576
2025-12-23T14:15:00,687.705,687.85,687.7,687.84,440255
2025-12-23T14:20:00,687.84,687.91,687.79,687.8199,414769
2025-12-23T14:25:00,687.81,687.92,687.7701,687.875,646639
2025-12-23T14:30:00,687.87,687.915,687.77,687.825,417196
2025-12-23T14:35:00,687.82,687.86,687.76,687.775,245154
2025-12-23T14:40:00,687.78,687.82,687.71,687.82,366202
2025-12-23T14:45:00,687.82,687.885,687.78,687.83,365171
2025-12-23T14:50:00,687.84,687.9,687.76,687.895,358568
2025-12-23T14:55:00,687.9,687.93,687.82,687.835,431270
2025-12-23T15:00:00,687.835,688.03,687.82,687.955,672583
2025-12-23T15:05:00,687.96,687.99,687.88,687.9001,442115
2025-12-23T15:10:00,687.905,687.99,687.84,687.885,702932
2025-12-23T15:15:00,687.89,687.96,687.83,687.945,589401
2025-12-23T15:20:00,687.95,688.0,687.775,687.8301,797053
2025-12-23T15:25:00,687.835,687.93,687.79,687.85,456165
2025-12-23T15:30:00,687.84,687.94,687.795,687.925,428250
2025-12-23T15:35:00,687.925,688.0,687.85,687.9301,544372
2025-12-23T15:40:00,687.93,687.97,687.73,687.745,619550
2025-12-23T15:45:00,687.74,687.955,687.7,687.93,926721
2025-12-23T15:50:00,687.93,688.0,687.64,687.97,1909463
2025-12-23T15:55:00,687.97,688.2,687.8,687.91,3703407
2025-12-24T09:30:00,687.95,688.335,687.8,688.28,1035361
2025-12-24T09:35:00,688.28,688.44,688.04,688.08,644232
2025-12-24T09:40:00,688.07,688.69,688.03,688.275,706316
2025-12-24T09:45:00,688.29,688.5,688.22,688.37,501435
2025-12-24T09:50:00,688.375,688.71,688.36,688.685,721769
2025-12-24T09:55:00,688.68,688.73,688.46,688.6,418462
2025-12-24T10:00:00,688.59,688.715,688.51,688.67,387292
2025-12-24T10:05:00,688.68,688.91,688.645,688.86,554351
2025-12-24T10:10:00,688.865,689.08,688.835,689.035,804234
2025-12-24T10:15:00,689.035,689.215,689.0,689.085,742705
2025-12-24T10:20:00,689.08,689.16,688.82,688.94,484791
2025-12-24T10:25:00,688.94,689.19,688.875,689.165,460001
2025-12-24T10:30:00,689.16,689.23,689.0125,689.1,477113
2025-12-24T10:35:00,689.1,689.2,689.03,689.16,356583
2025-12-24T10:40:00,689.15,689.28,689.1,689.25,467322
2025-12-24T10:45:00,689.225,689.3,689.19,689.28,370786
2025-12-24T10:50:00,689.28,689.41,689.25,689.345,380580
2025-12-24T10:55:00,689.35,689.49,689.3,689.46,476409
2025-12-24T11:00:00,689.465,689.53,689.38,689.45,512346
2025-12-24T11:05:00,689.445,689.66,689.37,689.565,436977
2025-12-24T11:10:00,689.57,689.904,689.57,689.89,671718
2025-12-24T11:15:00,689.895,689.91,689.65,689.85,534804
2025-12-24T11:20:00,689.85,689.98,689.84,689.9599,441560
2025-12-24T11:25:00,689.96,689.98,689.8501,689.965,408437
2025-12-24T11:30:00,689.965,690.15,689.8892,690.14,640061
2025-12-24T11:35:00,690.14,690.48,690.11,690.33,775616
2025-12-24T11:40:00,690.335,690.48,690.32,690.48,445267
2025-12-24T11:45:00,690.47,690.485,690.34,690.3701,433217
2025-12-24T11:50:00,690.38,690.435,690.25,690.405,372086
2025-12-24T11:55:00,690.4001,690.44,690.32,690.37,271570
2025-12-24T12:00:00,690.37,690.525,690.37,690.44,522157
2025-12-24T12:05:00,690.43,690.61,690.43,690.545,644753
2025-12-24T12:10:00,690.55,690.64,690.51,690.59,403145
2025-12-24T12:15:00,690.58,690.64,690.27,690.37,575565
2025-12-24T12:20:00,690.38,690.5201,690.275,690.3,460000
2025-12-24T12:25:00,690.3,690.6,690.27,690.535,746639
2025-12-24T12:30:00,690.535,690.83,690.525,690.74,760771
2025-12-24T12:35:00,690.735,690.8062,690.56,690.595,541408
2025-12-24T12:40:00,690.59,690.695,690.33,690.35,892867
2025-12-24T12:45:00,690.36,690.61,690.32,690.37,891686
2025-12-24T12:50:00,690.36,690.57,690.22,690.335,1417858
2025-12-24T12:55:00,690.33,690.65,690.17,690.28,2256383
2025-12-24T13:00:00,690.29,690.38,690.0,690.14,1634398
2025-12-24T13:05:00,690.13,690.33,689.75,690.14,219608
2025-12-24T13:10:00,690.15,690.18,689.76,690.11,264311
2025-12-24T13:15:00,689.9987,690.14,689.9,690.04,43596
2025-12-24T13:20:00,690.0375,690.1,689.91,690.0,26315
2025-12-24T13:25:00,690.02,690.38,690.0,690.1,65908
2025-12-24T13:30:00,690.0701,690.1,690.01,690.06,11519
2025-12-24T13:35:00,690.06,690.07,690.02,690.04,11775
2025-12-24T13:40:00,690.02,690.04,689.9,690.03,40597
2025-12-24T13:45:00,690.02,690.04,690.0,690.01,18952
2025-12-24T13:50:00,690.0199,690.02,690.0,690.02,3173
2025-12-24T13:55:00,690.02,690.0301,689.93,689.95,22481
2025-12-24T14:00:00,689.9498,690.03,689.9498,690.01,41964
2025-12-24T14:05:00,689.99,690.03,689.98,689.98,3378
2025-12-24T14:10:00,689.9999,690.0,689.98,689.9999,1810
2025-12-24T14:15:00,690.0,690.08,690.0,690.08,41352
2025-12-24T14:20:00,690.08,690.18,689.9901,690.14,2850
2025-12-24T14:25:00,690.13,690.14,690.07,690.07,8343
2025-12-24T14:30:00,690.0597,690.0597,690.01,690.02,1891
2025-12-24T14:35:00,690.0,690.02,690.0,690.0,7501
2025-12-24T14:40:00,690.01,690.02,690.01,690.0198,1914
2025-12-24T14:45:00,690.011,690.011,689.98,689.99,1022
2025-12-24T14:50:00,690.0,690.0193,689.99,690.0193,829
2025-12-24T14:55:00,690.02,690.02,690.0,690.0101,1240
2025-12-24T15:00:00,690.0103,690.02,690.01,690.01,669
2025-12-24T15:05:00,690.0,690.02,690.0,690.02,127
2025-12-24T15:10:00,690.0,690.02,690.0,690.02,97
2025-12-24T15:15:00,690.0,690.02,689.75,690.02,2332
2025-12-24T15:20:00,689.9801,690.02,689.9402,689.9402,1055
2025-12-24T15:25:00,689.9781,689.9781,689.91,689.91,4783
2025-12-24T15:30:00,689.9,689.92,689.8616,689.9,2200
2025-12-24T15:35:00,689.9,689.9,689.86,689.9,12852
2025-12-24T15:40:00,689.9,689.9,689.9,689.9,1387
2025-12-24T15:45:00,689.86,689.91,689.86,689.88,4292
2025-12-24T15:50:00,689.89,689.99,689.88,689.9,4777
2025-12-24T15:55:00,689.9,689.9,689.87,689.87,1306
2025-12-26T09:30:00,690.64,691.09,690.27,690.945,1437553
2025-12-26T09:35:00,690.95,691.38,690.84,691.32,845859
2025-12-26T09:40:00,691.33,691.57,691.2295,691.55,744303
2025-12-26T09:45:00,691.55,691.66,691.16,691.23,726978
2025-12-26T09:50:00,691.25,691.26,690.455,690.815,979186
2025-12-26T09:55:00,690.82,691.0,690.55,690.77,496849
2025-12-26T10:00:00,690.77,690.82,689.88,690.24,837956
2025-12-26T10:05:00,690.25,690.5,690.215,690.38,486453
2025-12-26T10:10:00,690.38,690.395,689.75,689.91,649099
2025-12-26T10:15:00,689.91,690.34,689.65,690.3,584542
2025-12-26T10:20:00,690.305,690.71,690.17,690.61,669207
2025-12-26T10:25:00,690.615,690.76,690.28,690.735,501061
2025-12-26T10:30:00,690.73,691.0001,690.52,690.9,570353
2025-12-26T10:35:00,690.91,690.995,690.64,690.7,330036
2025-12-26T10:40:00,690.71,690.76,690.49,690.51,300985
2025-12-26T10:45:00,690.52,690.79,690.44,690.7199,227862
2025-12-26T10:50:00,690.7101,690.75,690.4,690.63,260448
2025-12-26T10:55:00,690.63,690.87,690.505,690.825,323649
2025-12-26T11:00:00,690.825,690.96,690.755,690.89,307786
2025-12-26T11:05:00,690.89,690.94,690.5,690.53,410807
2025-12-26T11:10:00,690.52,690.6,689.91,689.93,476090
2025-12-26T11:15:00,689.92,690.13,689.77,689.99,510095
2025-12-26T11:20:00,689.99,690.38,689.9299,690.28,325958
2025-12-26T11:25:00,690.28,690.345,690.085,690.2641,273748
2025-12-26T11:30:00,690.27,690.325,690.11,690.13,213682
2025-12-26T11:35:00,690.12,690.32,690.12,690.22,193645
2025-12-26T11:40:00,690.21,690.33,690.15,690.225,241654
2025-12-26T11:45:00,690.24,690.29,689.87,689.89,291193
2025-12-26T11:50:00,689.89,690.095,689.77,690.07,284099
2025-12-26T11:55:00,690.07,690.15,689.94,689.99,378206
2025-12-26T12:00:00,689.98,690.01,689.67,689.805,282568
2025-12-26T12:05:00,689.8,689.82,689.6,689.64,235154
2025-12-26T12:10:00,689.63,689.65,689.415,689.49,332258
2025-12-26T12:15:00,689.48,689.61,689.42,689.55,344833
2025-12-26T12:20:00,689.55,689.601,689.39,689.6,232051
2025-12-26T12:25:00,689.61,690.145,689.61,690.14,414733
2025-12-26T12:30:00,690.13,690.2,689.7701,689.7701,259167
2025-12-26T12:35:00,689.7895,689.82,689.51,689.65,461009
2025-12-26T12:40:00,689.65,689.75,689.545,689.63,243710
2025-12-26T12:45:00,689.63,689.9101,689.6101,689.82,319282
2025-12-26T12:50:00,689.82,689.85,689.55,689.76,227002
2025-12-26T12:55:00,689.7522,689.88,689.75,689.79,203284
2025-12-26T13:00:00,689.79,689.9999,689.78,689.9601,219674
2025-12-26T13:05:00,689.97,690.05,689.84,689.8517,233458
2025-12-26T13:10:00,689.845,689.955,689.799,689.9,149087
2025-12-26T13:15:00,689.9,689.9,689.66,689.72,198496
2025-12-26T13:20:00,689.72,689.78,689.27,689.53,465139
2025-12-26T13:25:00,689.528,689.71,689.41,689.69,233916
2025-12-26T13:30:00,689.69,689.925,689.65,689.845,283914
2025-12-26T13:35:00,689.85,690.045,689.84,689.99,285837
2025-12-26T13:40:00,689.99,690.1,689.895,689.915,205230
2025-12-26T13:45:00,689.91,690.2,689.805,690.19,259782
2025-12-26T13:50:00,690.19,690.285,690.13,690.26,224248
2025-12-26T13:55:00,690.265,690.29,690.185,690.21,216407
2025-12-26T14:00:00,690.205,690.4,690.07,690.4,304851
2025-12-26T14:05:00,690.4,690.43,690.26,690.39,299525
2025-12-26T14:10:00,690.4,690.46,690.21,690.24,229360
2025-12-26T14:15:00,690.235,690.3,690.12,690.13,189022
2025-12-26T14:20:00,690.13,690.21,690.06,690.0882,177915
2025-12-26T14:25:00,690.09,690.12,689.975,690.0418,347721
2025-12-26T14:30:00,690.04,690.245,690.0375,690.2,207992
2025-12-26T14:35:00,690.2,690.32,690.165,690.205,237215
2025-12-26T14:40:00,690.21,690.27,690.14,690.18,270527
2025-12-26T14:45:00,690.19,690.22,690.08,690.125,223557
2025-12-26T14:50:00,690.14,690.21,690.115,690.13,182677
2025-12-26T14:55:00,690.13,690.22,690.1212,690.155,311240
2025-12-26T15:00:00,690.15,690.34,690.085,690.15,368403
2025-12-26T15:05:00,690.14,690.2199,690.04,690.15,240716
2025-12-26T15:10:00,690.145,690.22,690.1,690.18,290203
2025-12-26T15:15:00,690.18,690.22,690.09,690.16,311804
2025-12-26T15:20:00,690.16,690.21,690.0686,690.2,323167
2025-12-26T15:25:00,690.2,690.275,690.165,690.2,307534
2025-12-26T15:30:00,690.2,690.28,690.17,690.25,415091
2025-12-26T15:35:00,690.255,690.42,690.235,690.375,521755
2025-12-26T15:40:00,690.375,690.5,690.315,690.45,724017
2025-12-26T15:45:00,690.45,690.46,690.3,690.31,677154
2025-12-26T15:50:00,690.29,690.32,690.01,690.07,1128877
2025-12-26T15:55:00,690.075,690.42,690.005,690.25,2821026
2025-12-29T09:30:00,687.55,688.09,687.19,688.06,1742609
2025-12-29T09:35:00,688.05,689.2,687.92,688.79,1336124
2025-12-29T09:40:00,688.8,688.8,688.23,688.43,896679
2025-12-29T09:45:00,688.44,688.44,687.57,687.86,1219944
2025-12-29T09:50:00,687.85,688.25,687.46,687.7951,857089
2025-12-29T09:55:00,687.8,687.96,687.33,687.56,622921
2025-12-29T10:00:00,687.56,687.87,687.2999,687.37,479145
2025-12-29T10:05:00,687.36,687.58,687.06,687.09,542881
2025-12-29T10:10:00,687.11,687.22,686.82,687.0997,782876
2025-12-29T10:15:00,687.1,687.7699,687.09,687.515,679743
2025-12-29T10:20:00,687.52,687.87,687.39,687.845,318837
2025-12-29T10:25:00,687.84,688.06,687.755,687.95,496093
2025-12-29T10:30:00,687.94,688.145,687.69,688.12,378426
2025-12-29T10:35:00,688.12,688.4,687.78,687.99,511717
2025-12-29T10:40:00,687.99,688.29,687.87,688.19,307499
2025-12-29T10:45:00,688.19,688.2297,687.49,687.5,477585
2025-12-29T10:50:00,687.5,687.51,686.89,687.315,829477
2025-12-29T10:55:00,687.3,687.7295,687.1953,687.35,426307
2025-12-29T11:00:00,687.35,687.53,687.145,687.175,409289
2025-12-29T11:05:00,687.1799,687.48,687.02,687.13,443711
2025-12-29T11:10:00,687.14,687.6376,687.09,687.48,386697
2025-12-29T11:15:00,687.48,687.49,686.99,687.175,359117
2025-12-29T11:20:00,687.18,687.315,686.995,687.22,353505
2025-12-29T11:25:00,687.22,687.27,686.945,687.1699,331909
2025-12-29T11:30:00,687.16,687.49,686.96,686.98,425633
2025-12-29T11:35:00,686.98,687.23,686.84,686.89,441667
2025-12-29T11:40:00,686.88,686.915,686.69,686.8744,464829
2025-12-29T11:45:00,686.88,687.12,686.84,687.075,379653
2025-12-29T11:50:00,687.07,687.29,686.94,687.21,334944
2025-12-29T11:55:00,687.22,687.39,687.07,687.08,281788
2025-12-29T12:00:00,687.08,687.23,686.89,687.02,193117
2025-12-29T12:05:00,687.025,687.07,686.77,686.8206,301213
2025-12-29T12:10:00,686.82,686.9,686.6,686.84,267670
2025-12-29T12:15:00,686.83,686.93,686.63,686.75,281743
2025-12-29T12:20:00,686.75,686.78,686.475,686.54,255944
2025-12-29T12:25:00,686.53,686.54,686.07,686.27,475219
2025-12-29T12:30:00,686.27,686.8045,686.18,686.3839,385508
2025-12-29T12:35:00,686.39,686.505,686.26,686.295,259722
2025-12-29T12:40:00,686.3,686.565,686.24,686.505,406306
2025-12-29T12:45:00,686.5,686.69,686.47,686.63,264984
2025-12-29T12:50:00,686.63,686.985,686.61,686.955,416428
2025-12-29T12:55:00,686.96,687.0956,686.92,686.99,288181
2025-12-29T13:00:00,686.99,687.0099,686.79,686.95,360117
2025-12-29T13:05:00,686.9501,687.13,686.89,687.03,290006
2025-12-29T13:10:00,687.03,687.04,686.81,686.905,261354
2025-12-29T13:15:00,686.91,687.23,686.9,687.213924,296739
2025-12-29T13:20:00,687.21,687.545,687.16,687.4925,430450
2025-12-29T13:25:00,687.495,687.505,687.19,687.33,376446
2025-12-29T13:30:00,687.33,687.59,687.3168,687.58,353569
2025-12-29T13:35:00,687.59,687.89,687.59,687.695,505277
2025-12-29T13:40:00,687.71,687.72,687.42,687.465,457343
2025-12-29T13:45:00,687.465,687.505,687.28,687.325,328050
2025-12-29T13:50:00,687.32,687.42,687.215,687.315,385085
2025-12-29T13:55:00,687.31,687.3151,687.17,687.225,254617
2025-12-29T14:00:00,687.22,687.29,686.93,687.06,668163
2025-12-29T14:05:00,687.065,687.1285,686.87,686.965,538202
2025-12-29T14:10:00,686.97,687.0692,686.88,687.0,291728
2025-12-29T14:15:00,687.0,687.11,686.93,687.035,369535
2025-12-29T14:20:00,687.04,687.39,687.04,687.34,389851
2025-12-29T14:25:00,687.34,687.47,687.25,687.46,355610
2025-12-29T14:30:00,687.45,687.83,687.43,687.77,684916
2025-12-29T14:35:00,687.775,687.88,687.7,687.815,458421
2025-12-29T14:40:00,687.815,688.08,687.8,687.925,946991
2025-12-29T14:45:00,687.93,688.28,687.86,688.11,595808
2025-12-29T14:50:00,688.105,688.3,688.085,688.23,491415
2025-12-29T14:55:00,688.23,688.46,688.23,688.3,640186
2025-12-29T15:00:00,688.3,688.35,688.11,688.27,725717
2025-12-29T15:05:00,688.26,688.37,688.2,688.305,458301
2025-12-29T15:10:00,688.31,688.495,688.285,688.48,430788
2025-12-29T15:15:00,688.47,688.62,688.403145,688.45,723975
2025-12-29T15:20:00,688.455,688.55,688.3101,688.445,434407
2025-12-29T15:25:00,688.445,688.485,688.16,688.18,496330
2025-12-29T15:30:00,688.18,688.405,688.14,688.23,671546
2025-12-29T15:35:00,688.22,688.37,688.12,688.125,542539
2025-12-29T15:40:00,688.12,688.205,687.84,687.98,986232
2025-12-29T15:45:00,687.98,688.11,687.895,688.0,1355259
2025-12-29T15:50:00,688.01,688.19,687.63,687.645,1741485
2025-12-29T15:55:00,687.645,687.99,687.4,687.84,3485321
2025-12-30T09:30:00,687.45,687.87,687.2488,687.34,1100263
2025-12-30T09:35:00,687.34,687.54,687.17,687.35,620326
2025-12-30T09:40:00,687.36,687.38,687.1,687.12,424589
2025-12-30T09:45:00,687.13,688.09,686.88,688.01,818954
2025-12-30T09:50:00,688.01,688.21,687.82,688.0032,703762
2025-12-30T09:55:00,688.06,688.53,688.045,688.09,615730
2025-12-30T10:00:00,688.08,688.17,687.76,687.8,426908
2025-12-30T10:05:00,687.81,687.84,687.45,687.53,428544
2025-12-30T10:10:00,687.52,687.56,686.81,686.9201,753372
2025-12-30T10:15:00,686.93,687.26,686.75,686.9261,564198
2025-12-30T10:20:00,686.92,687.4199,686.84,687.047,723647
2025-12-30T10:25:00,687.04,687.11,686.835,686.94,234816
2025-12-30T10:30:00,686.94,687.0,686.75,686.8099,348422
2025-12-30T10:35:00,686.81,686.99,686.68,686.94,346165
2025-12-30T10:40:00,686.93,687.03,686.58,686.78,385180
2025-12-30T10:45:00,686.81,687.06,686.69,687.06,474738
2025-12-30T10:50:00,687.06,687.545,687.0,687.405,517405
2025-12-30T10:55:00,687.41,687.73,687.41,687.6105,403485
2025-12-30T11:00:00,687.6,687.97,687.51,687.91,503290
2025-12-30T11:05:00,687.91,688.02,687.7001,687.75,435959
2025-12-30T11:10:00,687.74,687.9,687.685,687.79,302444
2025-12-30T11:15:00,687.79,688.01,687.77,687.96,353509
2025-12-30T11:20:00,687.97,688.555,687.97,688.31,646030
2025-12-30T11:25:00,688.32,688.325,688.115,688.2472,392835
2025-12-30T11:30:00,688.24,688.27,687.96,688.0225,367917
2025-12-30T11:35:00,688.025,688.0988,687.5423,687.62,405916
2025-12-30T11:40:00,687.62,687.66,687.39,687.6299,484377
2025-12-30T11:45:00,687.63,687.6711,687.5001,687.53,306631
2025-12-30T11:50:00,687.545,687.555,687.31,687.39,285320
2025-12-30T11:55:00,687.3956,687.437794,687.2,687.23,291603
2025-12-30T12:00:00,687.22,687.31,687.05,687.105,441310
2025-12-30T12:05:00,687.12,687.29,687.11,687.245,255080
2025-12-30T12:10:00,687.25,687.32,687.03,687.06,274248
2025-12-30T12:15:00,687.06,687.29,686.87,687.26,380579
2025-12-30T12:20:00,687.26,687.42,687.2,687.32,342144
2025-12-30T12:25:00,687.33,687.43,687.27,687.38,185478
2025-12-30T12:30:00,687.38,687.68,687.355,687.62,271970
2025-12-30T12:35:00,687.63,687.69,687.56,687.615,258777
2025-12-30T12:40:00,687.63,687.71,687.35,687.4,324107
2025-12-30T12:45:00,687.4,687.46,687.195,687.43,273949
2025-12-30T12:50:00,687.42,687.66,687.385,687.605,173521
2025-12-30T12:55:00,687.6,687.6999,687.54,687.635,189063
2025-12-30T13:00:00,687.635,687.635,687.22,687.505,287068
2025-12-30T13:05:00,687.51,687.76,687.51,687.732,275782
2025-12-30T13:10:00,687.73,687.79,687.61,687.7,228835
2025-12-30T13:15:00,687.7,687.76,687.62,687.705,151802
2025-12-30T13:20:00,687.7,687.715,687.535,687.6299,125078
2025-12-30T13:25:00,687.6289,687.79,687.59,687.7692,196338
2025-12-30T13:30:00,687.76,687.93,687.73,687.87,225417
2025-12-30T13:35:00,687.86,687.86,687.56,687.6099,175458
2025-12-30T13:40:00,687.61,687.69,687.47,687.66,243387
2025-12-30T13:45:00,687.66,687.88,687.618,687.8598,233756
2025-12-30T13:50:00,687.86,687.88,687.7239,687.76,154286
2025-12-30T13:55:00,687.77,687.83,687.7,687.765,175892
2025-12-30T14:00:00,687.76,687.85,687.52,687.53,510056
2025-12-30T14:05:00,687.53,687.755,687.42,687.63,366733
2025-12-30T14:10:00,687.62,687.87,687.501,687.86,285810
2025-12-30T14:15:00,687.855,687.86,687.66,687.8201,322351
2025-12-30T14:20:00,687.83,687.87,687.72,687.785,272773
2025-12-30T14:25:00,687.78,687.85,687.71,687.81,357901
2025-12-30T14:30:00,687.81,687.94,687.71,687.8039,443836
2025-12-30T14:35:00,687.8,687.82,687.66,687.78,379485
2025-12-30T14:40:00,687.79,687.8877,687.74,687.79,249339
2025-12-30T14:45:00,687.79,687.855,687.61,687.64,234141
2025-12-30T14:50:00,687.65,687.69,687.41,687.555,386424
2025-12-30T14:55:00,687.56,687.61,687.4,687.56,344728
2025-12-30T15:00:00,687.56,687.65,687.525,687.605,237686
2025-12-30T15:05:00,687.605,687.635,687.305,687.395,395834
2025-12-30T15:10:00,687.39,687.4475,687.04,687.28,616134
2025-12-30T15:15:00,687.27,687.535,687.23,687.49,331813
2025-12-30T15:20:00,687.48,687.6797,687.47,687.665,384838
2025-12-30T15:25:00,687.67,687.73,687.49,687.51,390778
2025-12-30T15:30:00,687.51,687.69,687.48,687.68,389940
2025-12-30T15:35:00,687.68,687.7255,687.61,687.72,490818
2025-12-30T15:40:00,687.72,687.815,687.61,687.67,507687
2025-12-30T15:45:00,687.68,687.69,687.41,687.4775,819797
2025-12-30T15:50:00,687.48,687.59,687.245,687.265,1334099
2025-12-30T15:55:00,687.26,687.35,686.7,686.94,3721019
2025-12-31T09:30:00,687.13,687.36,686.605,686.81,1394332
2025-12-31T09:35:00,686.81,686.99,685.87,686.09,1327607
2025-12-31T09:40:00,686.09,686.15,685.71,685.855,914240
2025-12-31T09:45:00,685.85,685.94,685.28,685.65,1010943
2025-12-31T09:50:00,685.64,686.4061,685.582,686.37,1027958
2025-12-31T09:55:00,686.37,686.47,685.83,685.96,704624
2025-12-31T10:00:00,685.96,686.06,685.615,685.75,655380
2025-12-31T10:05:00,685.74,685.82,685.53,685.71,701321
2025-12-31T10:10:00,685.72,685.78,685.25,685.445,753256
2025-12-31T10:15:00,685.45,685.54,684.915,685.15,765819
2025-12-31T10:20:00,685.14,685.49,685.07,685.28,616646
2025-12-31T10:25:00,685.29,685.65,685.27,685.55,373639
2025-12-31T10:30:00,685.54,685.655,685.21,685.4,448605
2025-12-31T10:35:00,685.39,685.55,685.11,685.13,465462
2025-12-31T10:40:00,685.1,685.19,684.94,685.12,512487
2025-12-31T10:45:00,685.115,685.14,684.79,684.875,624323
2025-12-31T10:50:00,684.87,684.88,684.52,684.5799,590069
2025-12-31T10:55:00,684.575,684.61,684.18,684.33,892926
2025-12-31T11:00:00,684.32,684.65,684.3,684.54,610836
2025-12-31T11:05:00,684.54,684.61,684.39,684.47,605116
2025-12-31T11:10:00,684.47,684.6677,684.33,684.55,542956
2025-12-31T11:15:00,684.545,684.86,684.5141,684.85,422046
2025-12-31T11:20:00,684.85,684.96,684.7,684.875,385758
2025-12-31T11:25:00,684.875,685.13,684.865,685.12,414791
2025-12-31T11:30:00,685.125,685.14,684.75,684.8299,327149
2025-12-31T11:35:00,684.81,685.15,684.74,685.1,303982
2025-12-31T11:40:00,685.09,685.12,684.775,684.92,312804
2025-12-31T11:45:00,684.93,684.98,684.7854,684.93,221985
2025-12-31T11:50:00,684.93,685.26,684.91,685.18,338195
2025-12-31T11:55:00,685.18,685.43,685.17,685.35,304279
2025-12-31T12:00:00,685.355,685.43,685.25,685.29,328490
2025-12-31T12:05:00,685.295,685.34,684.63,684.65,453699
2025-12-31T12:10:00,684.66,684.985,684.61,684.96,353854
2025-12-31T12:15:00,684.961,685.215,684.91,685.1402,345846
2025-12-31T12:20:00,685.14,685.175,684.86,684.92,265324
2025-12-31T12:25:00,684.92,685.0946,684.8409,685.0,193657
2025-12-31T12:30:00,684.99,685.27,684.9123,685.25,316547
2025-12-31T12:35:00,685.23,685.31,685.03,685.04,231926
2025-12-31T12:40:00,685.04,685.09,684.89,685.0883,225638
2025-12-31T12:45:00,685.09,685.15,684.88,684.89,227391
2025-12-31T12:50:00,684.89,684.97,684.75,684.898,293387
2025-12-31T12:55:00,684.89,684.9,684.65,684.805,208775
2025-12-31T13:00:00,684.8,684.94,684.75,684.92,278743
2025-12-31T13:05:00,684.92,685.115,684.72,685.08,294429
2025-12-31T13:10:00,685.075,685.31,685.0,685.31,289053
2025-12-31T13:15:00,685.32,685.32,684.955,684.975,350621
2025-12-31T13:20:00,684.975,685.1099,684.95,685.06,212501
2025-12-31T13:25:00,685.06,685.39,685.03,685.3698,256128
2025-12-31T13:30:00,685.3688,685.47,685.25,685.46,394093
2025-12-31T13:35:00,685.465,685.53,685.35,685.4,320031
2025-12-31T13:40:00,685.3981,685.7307,685.3981,685.73,429046
2025-12-31T13:45:00,685.74,685.97,685.655,685.8,388117
2025-12-31T13:50:00,685.81,685.96,685.74,685.94,327417
2025-12-31T13:55:00,685.94,686.05,685.7613,685.84,457583
2025-12-31T14:00:00,685.83,686.24,685.82,686.05,587797
2025-12-31T14:05:00,686.05,686.08,685.91,686.005,383851
2025-12-31T14:10:00,686.0062,686.025,685.85,685.905,300987
2025-12-31T14:15:00,685.905,685.92,685.43,685.47,439029
2025-12-31T14:20:00,685.48,685.5,685.185,685.4,513825
2025-12-31T14:25:00,685.4,685.4,685.01,685.035,413872
2025-12-31T14:30:00,685.04,685.14,684.09,684.14,811763
2025-12-31T14:35:00,684.15,684.84,684.15,684.51,868367
2025-12-31T14:40:00,684.51,684.82,684.49,684.5601,642081
2025-12-31T14:45:00,684.56,684.6399,684.3,684.38,576838
2025-12-31T14:50:00,684.37,684.44,684.04,684.105,520038
2025-12-31T14:55:00,684.1,684.275,684.055,684.14,624715
2025-12-31T15:00:00,684.14,684.2,683.42,683.63,1008485
2025-12-31T15:05:00,683.63,683.88,683.22,683.3477,867164
2025-12-31T15:10:00,683.33,683.33,682.94,683.24,923595
2025-12-31T15:15:00,683.24,683.53,683.18,683.41,935041
2025-12-31T15:20:00,683.41,683.41,682.8138,682.93,1219429
2025-12-31T15:25:00,682.92,683.03,682.545,682.72,987700
2025-12-31T15:30:00,682.72,683.46,682.53,683.315,1401199
2025-12-31T15:35:00,683.305,683.72,683.18,683.195,1094183
2025-12-31T15:40:00,683.2,683.45,683.03,683.42,812678
2025-12-31T15:45:00,683.42,683.48,682.76,682.77,1619764
2025-12-31T15:50:00,682.78,682.98,682.49,682.5079,2070777
2025-12-31T15:55:00,682.5,683.03,681.71,681.873,5512973
2026-01-02T09:30:00,685.71,686.15,684.49,684.772,2463971
2026-01-02T09:35:00,684.78,685.23,684.2701,684.5,1573245
2026-01-02T09:40:00,684.49,685.04,684.12,684.9302,1198210
2026-01-02T09:45:00,684.96,686.38,684.76,686.03,1750243
2026-01-02T09:50:00,686.03,686.84,685.92,686.2,1288536
2026-01-02T09:55:00,686.21,686.47,685.96,686.19,819096
2026-01-02T10:00:00,686.21,686.87,686.19,686.43,1218241
2026-01-02T10:05:00,686.43,686.48,685.7,685.79,906908
2026-01-02T10:10:00,685.76,685.965,684.12,684.35,1709909
2026-01-02T10:15:00,684.34,684.4187,683.45,683.85,1568210
2026-01-02T10:20:00,683.86,683.88,682.0,682.125,1619888
2026-01-02T10:25:00,682.12,682.61,681.58,682.45,2143554
2026-01-02T10:30:00,682.45,683.62,682.1,683.52,1247579
2026-01-02T10:35:00,683.51,683.95,682.97,683.6675,1261747
2026-01-02T10:40:00,683.67,684.59,683.53,684.125,1237386
2026-01-02T10:45:00,684.15,684.43,683.29,683.32,955662
2026-01-02T10:50:00,683.33,683.5,681.98,682.97,1134821
2026-01-02T10:55:00,682.98,683.34,681.1,681.455,1856002
2026-01-02T11:00:00,681.46,681.57,680.81,681.045,1599818
2026-01-02T11:05:00,681.03,681.535,680.68,681.44,1190843
2026-01-02T11:10:00,681.43,681.87,680.42,681.84,1016407
2026-01-02T11:15:00,681.83,682.34,681.27,681.58,923386
2026-01-02T11:20:00,681.59,682.3151,681.185,682.19,637365
2026-01-02T11:25:00,682.18,682.4,681.78,681.81,655134
2026-01-02T11:30:00,681.81,682.59,681.54,682.39,687367
2026-01-02T11:35:00,682.39,682.65,681.7804,681.9,663254
2026-01-02T11:40:00,681.88,682.02,681.42,681.45,622117
2026-01-02T11:45:00,681.44,681.66,681.16,681.33,604661
2026-01-02T11:50:00,681.33,681.47,680.28,680.57,673813
2026-01-02T11:55:00,680.56,681.185,680.445,681.158,537511
2026-01-02T12:00:00,681.15,681.31,680.64,680.888,460477
2026-01-02T12:05:00,680.87,681.465,680.87,681.16,482193
2026-01-02T12:10:00,681.16,682.375,681.14,682.3,737415
2026-01-02T12:15:00,682.305,682.5,682.12,682.16,461270
2026-01-02T12:20:00,682.155,682.454,682.07,682.16,274448
2026-01-02T12:25:00,682.15,682.45,681.85,682.45,339426
2026-01-02T12:30:00,682.45,682.8009,682.1,682.2444,519185
2026-01-02T12:35:00,682.24,682.4,681.7944,682.01,386648
2026-01-02T12:40:00,682.0101,682.21,681.71,682.025,297465
2026-01-02T12:45:00,682.03,682.28,681.0,681.1745,480905
2026-01-02T12:50:00,681.14,681.47,680.98,681.39,512751
2026-01-02T12:55:00,681.36,681.67,681.01,681.18,443247
2026-01-02T13:00:00,681.18,681.58,681.08,681.332,319165
2026-01-02T13:05:00,681.34,681.425,680.785,681.0,348398
2026-01-02T13:10:00,681.01,681.309,680.76,680.83,273259
2026-01-02T13:15:00,680.83,681.52,680.64,681.42,416122
2026-01-02T13:20:00,681.4,681.7886,681.08,681.16,348355
2026-01-02T13:25:00,681.16,681.27,680.82,680.98,367290
2026-01-02T13:30:00,680.98,681.09,680.8,680.92,192109
2026-01-02T13:35:00,680.93,681.36,680.7544,681.08,314576
2026-01-02T13:40:00,681.06,681.16,680.7583,681.125,269536
2026-01-02T13:45:00,681.1301,681.35,680.15,680.1801,543250
2026-01-02T13:50:00,680.185,680.58,679.82,680.522,946172
2026-01-02T13:55:00,680.53,680.54,680.07,680.525,481226
2026-01-02T14:00:00,680.525,681.07,680.35,681.025,861070
2026-01-02T14:05:00,681.025,681.67,681.01,681.6,883087
2026-01-02T14:10:00,681.595,682.54,681.39,682.38,1118836
2026-01-02T14:15:00,682.37,682.59,682.068,682.17,819274
2026-01-02T14:20:00,682.16,682.89,681.9,682.87,781916
2026-01-02T14:25:00,682.875,683.12,682.6,682.95,607060
2026-01-02T14:30:00,682.94,683.66,682.9,683.57,1232383
2026-01-02T14:35:00,683.58,683.85,683.26,683.62,845545
2026-01-02T14:40:00,683.62,683.95,683.51,683.565,740812
2026-01-02T14:45:00,683.56,683.76,683.35,683.65,679692
2026-01-02T14:50:00,683.67,683.71,683.17,683.475,855036
2026-01-02T14:55:00,683.475,683.56,682.89,683.13,660406
2026-01-02T15:00:00,683.13,683.59,682.85,683.36,609986
2026-01-02T15:05:00,683.36,683.52,683.13,683.345,499995
2026-01-02T15:10:00,683.35,683.68,683.2,683.21,834288
2026-01-02T15:15:00,683.21,683.661,683.1,683.595,655144
2026-01-02T15:20:00,683.59,683.7,683.26,683.3301,972420
2026-01-02T15:25:00,683.335,683.47,683.0,683.24,532163
2026-01-02T15:30:00,683.24,683.42,682.94,683.035,762665
2026-01-02T15:35:00,683.04,683.42,683.0,683.04,646688
2026-01-02T15:40:00,683.04,683.09,682.5701,682.6299,867922
2026-01-02T15:45:00,682.61,682.73,682.07,682.28,1490211
2026-01-02T15:50:00,682.27,683.06,682.14,682.485,1866785
2026-01-02T15:55:00,682.48,683.35,682.25,683.17,4155604
